Name,Total,Usage,Lat,Lon
台北市一江街A,15,1,25.0527588,121.53151270000001
台北市一江街B,6,0.5,25.0527588,121.53151270000001
台北市八德路2段199巷,20,0.95,25.0473193,121.53905699999996
台北市八德路2段210巷,9,0.78,25.0455085,121.53935469999999
台北市八德路2段218巷,13,0.38,25.0459506,121.53991380000002
台北市八德路3段106巷,6,0.83,25.0462648,121.55416889999992
台北市八德路3段155巷,5,0.8,25.0489149,121.55507769999997
台北市八德路4段333巷,3,0,25.0494362,121.56728720000001
台北市八德路二段10巷,16,0.5,25.0440041,121.53506270000003
台北市八德路二段167巷,6,0.67,25.0473419,121.53797989999998
台北市八德路二段451巷,15,0.93,25.0490975,121.54745389999994
台北市八德路二段A,11,0.45,25.0468781,121.54114049999998
台北市八德路二段B,17,1,25.0468781,121.54114049999998
台北市八德路三段,12,1,25.0500356,121.56495280000001
台北市八德路三段199巷1弄,15,0.73,25.0487856,121.55668209999999
台北市八德路四段,10,0.9,25.0497425,121.57019250000008
台北市三元街,96,0.66,25.0283164,121.51056140000003
台北市三民路,13,0.62,25.0570964,121.56361830000003
台北市三民路101巷B,36,0.89,25.0573398,121.56259469999998
台北市三民路102巷,11,0.64,25.0574738,121.56422659999998
台北市三民路113巷,2,1,25.0579684,121.56264740000006
台北市三民路136巷,24,0.83,25.0605944,121.56413010000006
台北市三民路155巷B,32,0.53,25.0613183,121.562274
台北市三民路166巷,30,0.37,25.0619525,121.56377850000001
台北市三民路167巷,44,0.3,25.0617169,121.56219120000003
台北市三民路180巷,41,0.59,25.0624771,121.56459340000004
台北市三民路35巷,2,1,25.0555113,121.56317630000001
台北市三民路62巷,1,0,25.0546226,121.56456730000002
台北市三民路68巷,16,0.94,25.0552024,121.56466030000001
台北市三重路,14,1,25.0589914,121.61419580000006
台北市三福街,12,0.75,24.9974456,121.54276019999998
台北市三福街4巷,14,0.57,24.9960719,121.54199160000007
台北市士東路,88,0.83,25.1127502,121.53325710000001
台北市士東路200巷,9,0.89,25.1112799,121.53384419999998
台北市士東路286巷,17,0.94,25.1124217,121.53744370000004
台北市士東路91巷,16,0.94,25.113176,121.52951480000002
台北市士東路91巷26弄,6,1,25.112865,121.53022550000003
台北市士東路A,51,0.92,25.1127502,121.53325710000001
台北市士商路A,40,0.45,25.0929531,121.51822659999993
台北市士商路B,18,0.89,25.0929531,121.51822659999993
台北市大安路一段,47,0.96,25.0391667,121.54606979999994
台北市大安路二段,47,0.98,25.0309894,121.54607280000005
台北市大東路,18,1,25.0900093,121.52550870000005
台北市大直街,73,1,25.082703,121.54636729999993
台北市大直街62巷,15,0.93,25.0828752,121.54531040000006
台北市大理街,11,1,25.034375,121.49875550000002
台北市大理街160巷,16,1,25.0328796,121.49394929999994
台北市大理街160巷23弄,8,0,25.0322495,121.4930855
台北市大理街160巷26弄,8,0.12,25.0319064,121.49415829999998
台北市大理街175巷,4,0.75,25.034405,121.49525670000003
台北市大湖山莊街,122,0.45,25.0864192,121.60156099999995
台北市大道路,40,0.72,25.0405967,121.58258619999992
台北市大道路96巷,11,1,25.0396419,121.58209310000007
台北市大龍街,24,0.88,25.0679833,121.515897
台北市大龍街159巷18弄,4,0.75,25.0677077,121.51661620000004
台北市大龍街85巷,3,0,25.0664234,121.5165816
台北市大龍街91巷,10,0.7,25.0673045,121.51659330000007
台北市小北街,10,0.9,25.0905691,121.52558440000007
台北市中山北路2段137巷,3,0.67,25.0617034,121.52437039999995
台北市中山北路2段27巷,2,0.5,25.0531705,121.52420200000006
台北市中山北路3段36巷14弄,1,1,25.0650783,121.52160630000003
台北市中山北路5段6段,20,0.8,25.1025289,121.52545759999998
台北市中山北路7段140巷,20,0,25.1230464,121.53268300000002
台北市中山北路7段141巷,85,0.32,25.1242154,121.53017380000006
台北市中山北路7段14巷,15,0.73,25.1198067,121.53329559999997
台北市中山北路7段190巷26弄,10,0.2,25.1252512,121.53523659999996
台北市中山北路7段191巷,31,0.32,25.1255127,121.53164760000004
台北市中山北路7段219巷,5,0.4,25.1320758,121.53273990000002
台北市中山北路7段227巷,15,0.27,25.127743,121.53289459999996
台北市中山北路7段232巷,62,0.34,25.1268162,121.5342531
台北市中山北路7段A,40,0.42,25.1230493,121.53208110000003
台北市中山北路一段53巷,10,0.2,25.0489616,121.52323860000001
台北市中山北路七段,59,0.98,25.1230493,121.53208110000003
台北市中山北路二段39巷,7,0.57,25.0539513,121.5241555
台北市中山北路二段59巷29弄,1,0,25.0554563,121.52495820000001
台北市中山北路二段77巷,54,0.96,25.0574859,121.52432939999994
台北市中山北路三段,4,1,25.0692116,121.52318289999994
台北市中山北路五段A,14,0.5,25.091627,121.52755439999999
台北市中山北路五段B,36,0.83,25.091627,121.52755439999999
台北市中山北路六段,143,0.81,25.1106398,121.52561130000004
台北市中山北路六段2巷,2,1,25.1033322,121.52736379999999
台北市中山北路六段405巷,13,0.85,25.1154154,121.52664559999994
台北市中正路,60,0.67,24.9996148,121.48523350000005
台北市中正路A,25,0.76,24.9996148,121.48523350000005
台北市中坡北路,17,1,25.0472818,121.58071070000005
台北市中坡南路,37,0.73,25.0422056,121.58438709999996
台北市中坡南路201巷,15,0.53,25.0416353,121.58581170000002
台北市中坡南路49巷,5,1,25.0430445,121.58413339999993
台北市中原街,11,1,25.0598148,121.5289285
台北市中華路一段81巷,5,1,25.0385252,121.50811829999998
台北市中華路一段85巷,15,0,25.0382686,121.50791260000005
台北市中華路二段,73,0.93,24.9736866,121.43797340000003
台北市中華路二段300巷13弄,12,0.58,25.0294858,121.5036053
台北市中華路二段315巷,3,0.67,25.0282894,121.50675079999996
台北市中華路二段364巷17弄,35,0.66,25.0284601,121.5042747
台北市中華路二段39巷,11,1,25.034981,121.50698439999996
台北市中華路二段416巷,61,0.84,25.0269515,121.50373289999993
台北市中華路二段443巷,14,0.64,25.0252804,121.51008419999994
台北市中華路二段484巷,7,1,25.026363,121.50674759999993
台北市中華路二段75巷,26,0.92,25.0336055,121.50687149999999
台北市丹陽街,12,0.92,25.0392168,121.52453860000003
台北市五分街,1,0,25.0674352,121.61431029999994
台北市五原路,9,1,25.0565387,121.51754900000003
台北市五常街,72,0.92,25.0642971,121.54154500000004
台北市五常街53巷,7,0.57,25.0662106,121.53965089999997
台北市仁愛路3段24巷,12,0.92,25.0357279,121.53595889999997
台北市仁愛路4段151巷,3,1,25.0396455,121.55179909999993
台北市仁愛路4段408巷,5,0.8,25.0369297,121.55689810000001
台北市仁愛路4段512巷,2,0,25.0366086,121.56096260000004
台北市仁愛路一段,64,0.52,25.0387565,121.52159359999996
台北市仁愛路二段,45,0.76,25.038317,121.52905499999997
台北市仁愛路三段123巷13弄,11,0.82,25.0398176,121.54303470000002
台北市仁愛路三段A,26,0.85,25.0384018,121.53884040000003
台北市仁愛路三段B,40,0.92,25.0384018,121.53884040000003
台北市仁愛路四段222巷,19,0.89,25.0370575,121.55221719999997
台北市仁愛路四段452巷,27,0.67,25.0368259,121.55920820000006
台北市仁愛路四段A,7,1,25.0378512,121.55081900000005
台北市仁愛路四段B,4,1,25.0379208,121.55358780000006
台北市內江街,31,0.84,25.0415677,121.50352450000003
台北市內湖路1段203巷,28,0.71,25.0840457,121.5635168
台北市內湖路1段217巷,13,1,25.0836952,121.56425300000001
台北市內湖路1段285巷,26,0.85,25.0842133,121.56693259999997
台北市內湖路1段285巷65弄,66,0.65,25.0845017,121.5680231
台北市內湖路1段387巷,33,0.79,25.0831028,121.57051260000003
台北市內湖路1段411巷,66,0.67,25.0837266,121.57179689999998
台北市內湖路1段411巷19弄,28,0.71,25.0824888,121.57184970000003
台北市內湖路1段411巷74弄,17,0.35,25.0841425,121.5713002
台北市內湖路1段47巷,25,0.6,25.0869649,121.55874289999997
台北市內湖路1段47巷22弄,12,0.42,25.0881699,121.55926569999997
台北市內湖路1段47巷6弄,9,0.56,25.0869052,121.55962699999998
台北市內湖路1段629巷,39,0.49,25.081514,121.57552940000005
台北市內湖路1段629巷40弄,8,1,25.0817651,121.57457969999996
台北市內湖路1段667巷,6,0.83,25.080507,121.57607659999996
台北市內湖路1段737巷,35,0.46,25.081533,121.57919600000002
台北市內湖路1段91巷,11,0.82,25.0882537,121.56263390000004
台北市內湖路1段91巷38弄,16,0.81,25.0856126,121.563129
台北市內湖路1段91巷39弄,7,0.29,25.088193,121.5617188
台北市內湖路2段,101,0.53,25.0810743,121.58632050000006
台北市內湖路2段103巷B,54,0.63,25.0822026,121.58113619999995
台北市內湖路2段179巷,51,0.41,25.0842638,121.58528960000001
台北市內湖路2段263巷9弄,3,1,25.0832555,121.5910394
台北市內湖路3段,2,0,25.0904738,121.58189930000003
台北市內湖路3段59巷,8,0.62,25.085787,121.59194260000004
台北市內湖路3段60巷,19,0.79,25.0870727,121.59224930000005
台北市內湖路3段72巷,34,0.32,25.087635,121.59124059999999
台北市內湖路一段120巷及15弄,11,0.91,25.0821179,121.56248600000004
台北市內湖路一段288巷,1,0,25.0816205,121.56835890000002
台北市內湖路一段32巷,13,0.46,25.0842076,121.55945670000006
台北市內湖路一段518巷,11,0.91,25.0796906,121.5737924
台北市內湖路一段737巷51弄,4,0.5,25.0802948,121.57982370000002
台北市內湖路二段,11,1,25.0810743,121.58632050000006
台北市內湖路二段103巷A,20,0.7,25.0822026,121.58113619999995
台北市公園路A,7,1,25.0400652,121.45216860000005
台北市天水路,22,0.77,25.0529372,121.51319190000004
台北市天母北路,41,0.76,25.1211321,121.5266742
台北市天母北路87巷,10,0.4,25.1224857,121.52747220000003
台北市天母北路87巷9弄,22,0.36,25.1222066,121.52760139999998
台北市天母西路,12,1,25.1184616,121.52596670000003
台北市天母西路130巷,9,1,25.1189284,121.52231059999997
台北市天母西路38巷,15,0.87,25.1182189,121.52608450000002
台北市天母東路,39,1,25.1181401,121.53458499999999
台北市天母東路,25,0.4,25.1181401,121.53458499999999
台北市天母東路107巷,3,1,25.119323,121.53776100000005
台北市天母東路69巷,37,0.78,25.1197481,121.53361359999997
台北市天玉街,108,0.62,25.121232,121.52917649999995
台北市天玉街16巷,7,1,25.1207067,121.5282813
台北市天玉街27巷,5,0.6,25.1217644,121.52813609999998
台北市天玉街38巷,28,1,25.1201168,121.52929449999999
台北市天玉街39巷,17,0.88,25.1217621,121.52931940000008
台北市天津街A,23,0.39,25.0486224,121.52256880000004
台北市天津街B,32,0.91,25.0486224,121.52256880000004
台北市天津街C,9,1,25.0486224,121.52256880000004
台北市天祥路,25,0.88,25.0623259,121.52095610000003
台北市太原路,37,1,25.0531821,121.5159893
台北市太原路A,31,0.45,25.0531821,121.5159893
台北市文昌路,22,1,25.0977855,121.5205909
台北市文林路B,42,0.81,25.0950624,121.52461689999996
台北市文湖街,62,0.76,25.0867185,121.56271079999999
台北市文湖街11巷,1,1,25.085742,121.5594542
台北市文湖街21巷,8,0.88,25.0889922,121.56011179999996
台北市文湖街21巷68弄,8,0.75,25.0884468,121.56052219999992
台北市文湖街60巷,17,0.59,25.085506,121.5637878
台北市文湖街81巷,12,0.67,25.0870283,121.56407309999997
台北市文德路,8,1,25.0785524,121.58420769999998
台北市文德路208巷,36,0.78,25.0767612,121.58359710000002
台北市文德路220巷,23,0.83,25.0779585,121.58807079999997
台北市文德路22巷9弄,3,1,25.0770138,121.57935359999999
台北市木柵路一段,69,0.25,24.9874603,121.55016479999995
台北市木柵路二段,16,0.19,24.9887484,121.56089450000002
台北市木新路2段,93,0.19,24.9837842,121.5682587
台北市木新路三段45巷7弄,10,0,24.9821379,121.56490259999998
台北市水源路35巷,47,0.21,25.0185933,121.52418009999997
台北市水源路A,92,0.58,25.0233678,121.51043400000003
台北市水源路B,5,1,25.0233678,121.51043400000003
台北市仙岩路,32,0.16,24.9995871,121.5495502
台北市北平東路,71,0.86,25.0462021,121.52448349999997
台北市北安路,26,1,25.0796156,121.54206850000003
台北市北安路458巷,6,0.33,25.0786137,121.54457249999996
台北市北安路458巷41弄,42,0.81,25.0789505,121.54611249999994
台北市北安路458巷47弄,52,0.35,25.0783986,121.54627290000008
台北市北安路458巷47弄B,27,0.59,25.0783986,121.54627290000008
台北市北安路501巷,78,0.77,25.0796156,121.54206850000003
台北市北安路554巷,10,0.5,25.0800181,121.54921200000001
台北市北安路578巷8弄,2,1,25.0805688,121.54918150000003
台北市北安路588巷,5,1,25.0810672,121.55031639999993
台北市北安路588巷23弄,9,0.78,25.0815233,121.55078830000002
台北市北安路588巷30弄,12,0.92,25.0805422,121.55030959999999
台北市北安路608巷14弄,27,0.93,25.0814951,121.55030950000003
台北市北安路608巷5弄,8,1,25.0823576,121.54947600000003
台北市北安路630巷,1,0,25.0827467,121.55001300000004
台北市北安路630巷25弄,3,0.33,25.083261,121.55032559999995
台北市北安路630巷9弄,2,1,25.0834299,121.5497345
台北市北安路770巷,21,0.43,25.0846195,121.55327929999999
台北市北安路805巷,6,0.33,25.0861313,121.55553050000003
台北市北安路821巷,5,0.2,25.0851924,121.556377
台北市北安路821巷2弄,5,0,25.0853797,121.55573800000002
台北市北安路821巷4弄,10,0.5,25.0855928,121.55622829999993
台北市北寧路,10,1,25.0498695,121.55267249999997
台北市北寧路56巷,1,1,25.0498582,121.55299379999997
台北市四平街,11,0.82,25.0536388,121.53338570000005
台北市四維路,37,0.92,25.0309636,121.54799060000005
台北市四維路154巷,27,0.78,25.0309711,121.54747559999998
台北市四維路170巷,16,1,25.0282013,121.54726870000002
台北市四維路198巷,22,0.95,25.0267043,121.5473227
台北市四維路52巷,19,0.68,25.0350711,121.54719109999996
台北市四維路76巷,18,0.72,25.0342329,121.54720550000002
台北市四維路A,48,0.5,25.0309636,121.54799060000005
台北市市民大道七段A,11,1,25.050719,121.59018400000002
台北市市民大道五段,6,1,25.0472331,121.56303079999998
台北市平陽街,31,0.42,25.0551611,121.51654229999997
台北市民生西路,48,0.65,25.0570321,121.51552079999999
台北市民生西路423巷,6,0,25.0572481,121.50878460000001
台北市民生西路A,11,0.91,25.0570321,121.51552079999999
台北市民生東路3段113巷,13,0,25.0589566,121.54616320000002
台北市民生東路3段113巷25弄,16,0,25.0591248,121.5472575
台北市民生東路3段127巷,11,0,25.0584527,121.54746469999998
台北市民生東路4段55巷,8,1,25.0586006,121.55052390000003
台北市民生東路4段75巷,10,1,25.0584926,121.55125640000006
台北市民生東路4段75巷5弄,2,1,25.0588865,121.55087809999998
台北市民生東路4段97巷7弄,5,1,25.0589518,121.55161999999996
台北市民生東路5段137巷6弄,33,0.88,25.0603615,121.56232890000001
台北市民生東路5段137巷B,27,1,25.0597839,121.56147199999998
台北市民生東路5段260巷,5,0.2,25.0581289,121.56726200000003
台北市民生東路5段36巷4弄,25,1,25.0578543,121.55901110000002
台北市民生東路5段36巷8弄,36,0.72,25.0571837,121.55895469999996
台北市民生東路5段69巷21弄,10,1,25.0596768,121.5575844
台北市民生東路5段69巷2弄,42,0.76,25.0593323,121.55980109999996
台北市民生東路5段69巷4弄,31,0.71,25.0599807,121.5592603
台北市民生東路一段,24,0.83,25.0580558,121.52525809999997
台北市民生東路二段,27,1,25.0579434,121.5325398
台北市民生東路二段A,19,0.47,25.0579434,121.5325398
台北市民生東路二段B,17,0.88,25.0579434,121.5325398
台北市民生東路三段,82,1,25.0577102,121.54326600000002
台北市民生東路三段107巷,8,0,25.0584972,121.54485079999995
台北市民生東路五段,44,1,25.058935,121.56238370000005
台北市民生東路五段27巷,31,0.74,25.0594947,121.55672119999997
台北市民生東路五段27巷9弄,26,0.69,25.0599479,121.55584299999998
台北市民生東路五段36巷,19,1,25.0573909,121.55709219999994
台北市民生東路五段69巷,19,0.74,25.0595564,121.55818650000003
台北市民生東路四段131巷,27,1,25.059022,121.55376790000003
台北市民生東路四段80巷,3,0,25.0572197,121.55302570000003
台北市民生東路四段97巷,4,1,25.0589209,121.5520378
台北市民和街,3,0.67,25.025483,121.49776610000004
台北市民族西路,88,0.58,25.0685856,121.51589280000007
台北市民族西路225巷,10,0.8,25.0694883,121.51226470000006
台北市民族西路252巷,3,1,25.0679301,121.51224860000002
台北市民族西路303巷,9,0.78,25.0701604,121.51049450000005
台北市民族西路31巷,5,0,25.069102,121.51962819999994
台北市民族西路32巷,24,0.83,25.0672867,121.51936790000002
台北市民族西路76巷12弄,2,0.5,25.0676965,121.51713139999993
台北市民族西路76巷2弄,2,1,25.0680596,121.5173019
台北市民族東路,63,0.19,25.0681389,121.53631289999998
台北市民族東路410巷2弄,1,1,25.0668501,121.5374028
台北市民族東路A,37,0.11,25.0643982,121.54646890000004
台北市民族東路B,21,0,25.0681389,121.53631289999998
台北市民族東路C,24,0.58,25.0681389,121.53631289999998
台北市民族東路D,21,0.05,25.0681389,121.53631289999998
台北市民善街,48,0.73,25.0613095,121.57525750000002
台北市民樂街A,7,0,25.0572297,121.51061240000001
台北市民樂街B,27,0.93,25.0572297,121.51061240000001
台北市民權西路,2,1,25.0630601,121.51582780000001
台北市民權西路102巷,24,0.96,25.0615791,121.51769560000002
台北市民權西路144巷19弄,7,1,25.0620233,121.51625349999995
台北市民權東路3段103巷,2,1,25.0632349,121.54514659999995
台北市民權東路3段103巷5弄,17,0.82,25.0628173,121.54647790000001
台北市民權東路3段106巷,18,0,25.0604568,121.54489149999995
台北市民權東路3段106巷15弄,7,0,25.0599588,121.54572239999993
台北市民權東路3段106巷21弄,2,0,25.0594676,121.54570790000002
台北市民權東路3段106巷3弄,36,0,25.0614356,121.54744329999994
台北市民權東路3段160巷,4,0,25.0607256,121.54767019999997
台北市民權東路3段184巷,4,0,25.0610928,121.54963029999999
台北市民權東路3段191巷,10,0.8,25.063704,121.54677140000001
台北市民權東路3段191巷31弄,7,1,25.0633276,121.54724740000006
台北市民權東路3段60巷,1,1,25.0612393,121.54240230000005
台北市民權東路6段115巷,8,1,25.0695375,121.59183110000004
台北市民權東路6段123巷,3,1,25.0696933,121.59286229999998
台北市民權東路6段123巷20弄,2,1,25.0697053,121.59240890000001
台北市民權東路6段123巷34弄,6,1,25.0703962,121.59226430000001
台北市民權東路6段136巷,15,1,25.0676735,121.58777120000002
台北市民權東路6段163巷,24,0.21,25.0692128,121.59604739999997
台北市民權東路6段163巷19弄,8,0.5,25.0688317,121.59649639999998
台北市民權東路6段175巷,13,0.15,25.0687987,121.59703439999998
台北市民權東路6段180巷,13,0.15,25.0672081,121.59269040000004
台北市民權東路6段180巷21巷,13,0.85,25.0676421,121.5926872
台北市民權東路6段180巷41弄,11,0.73,25.0672326,121.5934641
台北市民權東路6段180巷42弄,11,0.27,25.0674657,121.5921075
台北市民權東路6段180巷61弄,8,0.62,25.0666435,121.59347449999996
台北市民權東路6段180巷70弄,15,0.8,25.066729,121.59167539999999
台北市民權東路6段180巷77弄,15,0.2,25.0660048,121.59362929999998
台北市民權東路6段190巷,28,0.39,25.066658,121.594333
台北市民權東路6段190巷35弄,17,0.18,25.0667273,121.59504360000005
台北市民權東路6段190巷65弄,17,0.06,25.0667273,121.59504360000005
台北市民權東路6段191巷,123,0.11,25.0700113,121.59920190000003
台北市民權東路6段191巷20弄,6,0.33,25.0683968,121.5974678
台北市民權東路6段191巷38弄,13,0.38,25.0689101,121.59783930000003
台北市民權東路6段191巷62弄,17,0.06,25.0695774,121.59784480000008
台北市民權東路6段206巷,39,0.03,25.0662102,121.59567179999999
台北市民權東路6段210巷21弄,4,0.25,25.0681067,121.59363759999997
台北市民權東路6段210巷47弄,34,0.24,25.0701844,121.58745569999996
台北市民權東路6段218巷,11,0.73,25.0669458,121.59821520000003
台北市民權東路6段21巷,49,0.8,25.0690003,121.58118220000006
台北市民權東路6段220巷,7,0,25.0690834,121.58920119999993
台北市民權東路6段232巷,4,0.75,25.0665391,121.60045279999997
台北市民權東路6段240巷,8,0.38,25.066605,121.60109069999999
台北市民權東路6段248巷,27,0.3,25.0673164,121.60173170000007
台北市民權東路6段280巷25弄,40,0.22,25.0702325,121.60518439999998
台北市民權東路6段280巷25弄,17,1,25.0702325,121.60518439999998
台北市民權東路6段280巷45弄,24,0.08,25.0698803,121.60564780000004
台北市民權東路6段296巷,8,1,25.0707625,121.60810200000003
台北市民權東路6段56巷,15,1,25.067552,121.5853042
台北市民權東路二段A,10,1,25.0625939,121.5325669
台北市民權東路二段B,4,0.75,25.0625939,121.5325669
台北市民權東路二段C,5,1,25.0625939,121.5325669
台北市民權東路三段,45,0.84,25.062385,121.54395350000004
台北市民權東路三段39巷,37,0.97,25.0642907,121.5425583
台北市民權東路三段A,16,0.38,25.062385,121.54395350000004
台北市民權東路五段,25,0.32,25.0631778,121.56591470000001
台北市民權東路六段,20,0.1,25.0690834,121.58920119999993
台北市民權東路六段,104,0.51,25.0690834,121.58920119999993
台北市民權東路六段15巷,29,0.86,25.0683293,121.57866850000005
台北市民權東路六段19巷,115,0.26,25.0688547,121.57940559999997
台北市民權東路六段245巷,7,0,25.0677441,121.60072000000002
台北市民權東路四段A,65,0.18,25.0620582,121.55576489999999
台北市民權東路四段B,41,0.07,25.0620582,121.55576489999999
台北市永吉路120巷,38,0.92,25.043672,121.57022989999996
台北市永吉路127巷,6,0.67,25.0469905,121.57038080000007
台北市永吉路225巷52弄,5,1,25.0473635,121.57404450000001
台北市永吉路278巷57弄,2,0.5,25.043395,121.57484879999993
台北市永吉路30巷101弄,8,0.62,25.0435354,121.56961339999998
台北市永吉路30巷148弄,1,0,25.0428731,121.56772460000002
台北市永吉路321巷,2,0.5,25.0462041,121.57551149999995
台北市永吉路A,44,1,25.0455687,121.57478409999999
台北市永吉路B,34,0.76,25.0455687,121.57478409999999
台北市永福街,21,0.86,25.077805,121.48058880000008
台北市永興路一、二段,41,0.1,25.1404664,121.50217929999997
台北市汀州路一段A,26,0.62,25.0293416,121.50823009999999
台北市汀州路一段B,32,0.59,25.0293416,121.50823009999999
台北市汀州路二段Y00,18,0.56,25.024804,121.52001769999993
台北市汀州路二段Z00,6,0.83,25.024804,121.52001769999993
台北市汀州路三段,3,1,25.0161185,121.53070969999999
台北市汀州路三段104巷,6,1,25.0130079,121.5337687
台北市汀州路四段,99,0.66,25.0071162,121.53686319999997
台北市汀州路四段23巷,2,1,25.0091026,121.53725050000003
台北市汀洲路2段178巷,7,0.86,25.0233549,121.52193669999997
台北市汀洲路二段,6,0.33,25.024804,121.52001769999993
台北市玉成街,9,1,25.0462461,121.58290510000006
台北市玉成街190巷,10,1,25.0433425,121.58474160000003
台北市玉成街201巷8弄,1,1,25.0442983,121.58601850000002
台北市玉成街A,54,0.44,25.0462461,121.58290510000006
台北市玉門街,29,0.62,25.0717238,121.52042630000005
台北市甘州街,32,0.62,25.0594212,121.51279420000003
台北市立功路,37,0.97,25.125446,121.47133929999995
台北市立德路,63,1,25.1260123,121.47173680000003
台北市伊通街A,10,1,25.0514006,121.53478500000006
台北市伊通街B,10,1,25.0514006,121.53478500000006
台北市伊通街C,12,1,25.0514006,121.53478500000006
台北市光復北路,126,0.6,25.0550396,121.5558158
台北市光復北路11巷,31,0.94,25.0499669,121.56016460000001
台北市光復北路155巷,8,0.5,25.0554717,121.55645649999997
台北市光復北路165巷,15,0.87,25.0572438,121.55542560000004
台北市光復北路177巷,10,0.8,25.0579682,121.55617099999995
台北市光復北路190巷,32,0.78,25.0545536,121.55429860000004
台北市光復北路230巷,17,0.94,25.0562281,121.55416650000006
台北市光復北路26巷,2,1,25.0489666,121.55728010000007
台北市光復南路17巷,2,0,25.0473556,121.55922599999997
台北市光復南路180巷,7,0.71,25.0423751,121.556241
台北市光復南路22巷,18,0.56,25.0469574,121.55580420000001
台北市光復南路32巷,32,0.47,25.0464643,121.55587909999997
台北市光復南路33巷,9,0,25.0467958,121.55870860000005
台北市光復南路456巷,6,0.67,25.0353967,121.55678569999998
台北市光復南路46巷,18,0.94,25.0459551,121.55594640000004
台北市光復南路57巷,1,1,25.0458294,121.55861579999998
台北市光復南路6巷,5,0,25.0475575,121.55702919999999
台北市光復南路72巷23弄,5,0.6,25.0443457,121.55561349999994
台北市光復南路72巷7弄,9,0.89,25.0443244,121.55709890000003
台北市光復南路96巷,21,0.9,25.0439758,121.55615030000001
台北市光復南路A,4,1,25.037495,121.5575096
台北市光復南路B,18,0.67,25.0389439,121.5575437
台北市光輝路,13,0,24.9851087,121.55723160000002
台北市合江街,13,1,25.0585487,121.53919880000001
台北市合江街170巷,1,1,25.0607236,121.53854279999996
台北市吉林路26巷,1,1,25.0514542,121.52896450000003
台北市吉林路A,24,0.96,25.0573101,121.5301895
台北市吉林路B,23,0.7,25.0573101,121.5301895
台北市吉林路C,12,1,25.0573101,121.5301895
台北市吉林路D,12,0.58,25.0573101,121.5301895
台北市吉祥路,6,1,25.0500693,121.56254620000004
台北市同安街,12,1,25.0564552,121.494775
台北市同安街101巷,2,0.5,25.0215257,121.52098249999995
台北市同德路,34,0.94,25.0458378,121.58536939999999
台北市同德路85巷,7,1,25.0462812,121.58569220000004
台北市向陽路,4,0.5,25.0545379,121.59414670000001
台北市向陽路162巷,18,0.56,25.0563448,121.59628470000007
台北市安西街,9,1,25.0606603,121.50990109999998
台北市安和路2段171巷,7,0.71,25.0280145,121.54988219999996
台北市安和路一段A,38,0.89,25.0371693,121.55159149999997
台北市安和路一段B,19,1,25.0371693,121.55159149999997
台北市安和路二段,60,0.88,25.0293407,121.5512539
台北市安和路二段74巷,10,1,25.0302281,121.5515249
台北市安居街,5,1,25.0197551,121.55355209999993
台北市安東街,3,0.67,25.044397,121.54248499999994
台北市安東街16巷,27,0.48,25.0452938,121.54086050000001
台北市安東街40巷,12,0.83,25.0441183,121.54098520000002
台北市安泰街38巷,11,0.73,25.0734478,121.6174992
台北市成功路1段,66,0.86,25.0038003,121.52706480000006
台北市成功路1段36巷,13,0.77,25.0565159,121.59184619999996
台北市成功路2段,78,0.63,25.0689959,121.59141739999995
台北市成功路2段250巷23弄,8,1,25.066611,121.58972930000004
台北市成功路2段273巷,4,1,25.0685864,121.59118940000008
台北市成功路2段317巷,14,0.64,25.0699686,121.5913842
台北市成功路2段317巷50弄,3,0.67,25.0701885,121.59159629999999
台北市成功路2段320巷,10,0.7,25.0676087,121.58917880000001
台北市成功路2段320巷31弄,14,1,25.068224,121.5891904
台北市成功路2段323巷,13,0.92,25.0704314,121.59096360000001
台北市成功路2段426巷,10,0.6,25.0708436,121.58887010000001
台北市成功路3段,57,0.35,25.0784747,121.58971259999998
台北市成功路4段167巷,6,0.83,25.0827394,121.59517749999998
台北市成功路4段182巷6弄,4,1,25.083421,121.59309189999999
台北市成功路4段61巷,35,1,25.0808817,121.59326650000003
台北市成功路4段61巷32弄,28,0.57,25.0811404,121.59421509999993
台北市成功路4段61巷8弄,7,1,25.0818309,121.59305119999999
台北市成功路5段420巷,28,0.93,25.0752651,121.60854670000003
台北市成功路5段420巷23弄,23,0.74,25.0732111,121.60855530000003
台北市成功路5段450巷,24,0.5,25.074332,121.6076564
台北市成功路5段450巷21弄,37,0.59,25.0735231,121.60748760000001
台北市成功路5段450巷22弄,22,0.82,25.075081,121.6078761
台北市成功路二段193巷,3,0.67,25.0665117,121.59130230000005
台北市成功路三段,10,0.4,25.0784747,121.58971259999998
台北市成功路五段,131,0.42,25.0789255,121.6070972
台北市成功路四段,64,0.7,25.0840481,121.59522070000003
台北市成都路A,13,0.62,25.04313,121.50442729999997
台北市成都路B,11,0.09,25.04313,121.50442729999997
台北市成福路,21,0.43,25.0408418,121.58844390000002
台北市成福路178巷,5,1,25.0416107,121.58674789999998
台北市成福路211巷,14,0.21,25.0408418,121.58844390000002
台北市成福路269巷,8,0.25,25.0374493,121.59183910000002
台北市朱崙街,78,0.9,25.049997,121.54044539999995
台北市江南街65巷,17,0.82,25.0770602,121.57846569999992
台北市江南街71巷65弄,3,1,25.0760925,121.57877340000005
台北市至誠公園,46,0,25.1013225,121.53639909999993
台北市至誠路一段,21,0,25.101727,121.53253040000004
台北市至誠路二段,56,0,25.1016704,121.52858079999999
台北市行忠路,142,0.65,25.0665373,121.58026619999998
台北市行忠路28巷,17,1,25.0648653,121.57773559999998
台北市行忠路66巷,15,1,25.0658583,121.58052450000002
台北市行忠路72巷,21,0.71,25.0665453,121.58159760000001
台北市行善路,34,1,25.0595436,121.58112319999998
台北市行善路111巷,25,0.92,25.0577398,121.57995870000002
台北市行善路168巷,27,1,25.0588128,121.57855870000003
台北市行善路417巷,29,0.83,25.0646047,121.58688600000005
台北市行善路48巷,10,0.9,25.0574702,121.57519990000003
台北市行善路59巷20弄,13,0.92,25.0577047,121.57922780000001
台北市行善路59巷40弄,13,0.92,25.0572028,121.57954900000004
台北市行愛路,74,0.86,25.06377,121.58037749999994
台北市行愛路141巷,30,1,25.0647907,121.58128850000003
台北市行愛路77巷,34,0.88,25.0632847,121.58238570000003
台北市行愛路78巷,29,1,25.0621923,121.58057020000001
台北市西昌街,29,0.59,25.0397495,121.50066179999999
台北市西園路2段261巷20弄,2,0,25.0247702,121.49286380000001
台北市西園路2段320巷55弄,6,0.5,25.02788,121.49152329999993
台北市西園路2段320巷73弄,2,1,25.0278263,121.49105199999997
台北市西園路2段372巷,7,0.57,25.0263051,121.49048679999999
台北市西園路一段,47,0.74,25.0367527,121.49937380000006
台北市西園路二段,20,0.95,25.02803,121.49498419999998
台北市西寧北路(大車),21,0.95,25.0568088,121.50880749999999
台北市西寧北路Y00,85,0.73,25.0527032,121.50860439999997
台北市西寧南路A,20,1,25.0432344,121.50607509999998
台北市西寧南路B,42,0.9,25.0432344,121.50607509999998
台北市西藏路125巷,57,0.84,25.0273195,121.50291140000002
台北市西藏路199巷,27,0.78,25.0278208,121.49982550000004
台北市西藏路A,67,-99,25.0293385,121.49806749999993
台北市西藏路B,47,0.89,25.0293385,121.49806749999993
台北市西藏路C,29,0.86,25.0293385,121.49806749999993
台北市克強路,19,0.68,25.1089066,121.52383340000006
台北市吳興街,8,0.38,25.026337,121.5646759
台北市吳興街220巷,26,0.65,25.0264274,121.56152659999998
台北市吳興街284巷30弄,4,0.75,25.0228667,121.56268620000003
台北市吳興街394巷,6,0.83,25.0244748,121.56628999999998
台北市吳興街600巷83弄,7,0.14,25.0185995,121.57127279999997
台北市吳興街B,4,0.75,25.026337,121.5646759
台北市秀明路1段,113,0.43,24.9908224,121.56689559999995
台北市秀明路2段,46,0,24.9904866,121.5768372
台北市育英街,36,0,24.9912256,121.53857360000006
台北市辛亥路1段34巷,1,1,25.019771,121.53008820000002
台北市辛亥路1段77巷,4,1,25.0206895,121.53076009999995
台北市辛亥路7段,108,0.06,24.9837411,121.55416160000004
台北市辛亥路一段,76,0.78,25.0206895,121.53076009999995
台北市辛亥路二段A,28,0.32,25.0229081,121.537914
台北市辛亥路二段B,34,0.82,25.0229081,121.537914
台北市辛亥路三段157巷,24,0.62,25.01797,121.54988779999996
台北市辛亥橋下,87,0,25.0224124,121.53367179999998
台北市和平西路一段,17,1,25.0266197,121.51849340000001
台北市和平西路二段,71,0.82,25.0304487,121.50943970000003
台北市和平西路二段104巷,4,0.25,25.0307499,121.50799870000003
台北市和平西路三段,22,0.82,25.0352602,121.49737449999998
台北市和平東路1段104巷,10,0,25.0263762,121.52492319999999
台北市和平東路1段141巷,22,0.95,25.0273623,121.5304688
台北市和平東路2段107巷,3,1,25.0262869,121.54043860000002
台北市和平東路2段175巷,22,0.45,25.02632,121.54177340000001
台北市和平東路2段18巷B,32,0.91,25.0242498,121.53591240000003
台北市和平東路2段311巷43弄,2,1,25.0256077,121.54611460000001
台北市和平東路3段308巷,3,0.67,25.0195575,121.55550319999998
台北市和平東路3段308巷15弄,7,1,25.0193566,121.55620939999994
台北市和平東路3段308巷31弄,11,0.82,25.0195295,121.55589250000003
台北市和平東路3段341巷,2,0,25.021265,121.55752580000001
台北市和平東路3段391巷,11,0.64,25.0203397,121.5585357
台北市和平東路3段391巷20弄,8,0.75,25.0210234,121.55890509999995
台北市和平東路3段406巷,1,0,25.0184251,121.55784749999998
台北市和平東路3段435巷7弄,8,1,25.0190818,121.55903250000006
台北市和平東路3段463巷,51,0.65,25.0187819,121.5593232
台北市和平東路一段,28,0.43,25.0266246,121.52863939999997
台北市和平東路二段76巷,42,0.93,25.0238586,121.53937859999996
台北市和平東路二段90巷,2,1,25.024742,121.539673
台北市和平東路二段96巷,31,0.81,25.0231467,121.54101969999999
台北市和平東路三段228巷,7,1,25.0211718,121.55385009999998
台北市和平東路三段A,22,1,25.0184845,121.55835060000004
台北市延平北路3段18巷,3,0.67,25.0639416,121.51000339999996
台北市延平北路3段99巷3弄,5,0,25.0675737,121.51188130000003
台北市延平北路4至5段1巷,71,0.07,25.086047,121.50966900000003
台北市延平北路4段111巷,1,1,25.0713618,121.51122220000002
台北市延平北路4段294巷,46,0.37,25.0773605,121.5107471
台北市延平北路6段,9,0.89,25.0901391,121.50200919999997
台北市延平北路6段258巷,14,0.71,25.0907902,121.50356699999998
台北市延平北路四段,65,0.63,25.0728348,121.51121360000002
台北市延平南路121巷,17,1,25.0396426,121.50952940000002
台北市延平南路230巷,3,0.67,25.0340887,121.50694060000001
台北市延平南路A,53,0.92,25.0396925,121.5088915
台北市延平南路B,35,0.97,25.0396925,121.5088915
台北市延吉街,46,0.93,25.0405056,121.55471970000008
台北市延吉街242巷,6,0.83,25.0357803,121.55545419999999
台北市延壽街18巷,3,0.67,25.0559587,121.56883040000002
台北市延壽街314巷,10,0.3,25.0563642,121.56196079999995
台北市延壽街330巷,12,1,25.0552908,121.5603638
台北市延壽街330巷16弄,4,0.75,25.0553044,121.55968940000002
台北市延壽街330巷20弄,19,1,25.0544877,121.55976499999997
台北市延壽街330巷7弄,5,1,25.0553715,121.56145719999995
台北市延壽街330巷8弄,10,0.7,25.0558167,121.5597242
台北市延壽街356巷4弄,11,0.27,25.0557146,121.55861830000003
台北市延壽街402巷3弄,9,0.22,25.0556183,121.557773
台北市延壽街72巷,35,0.71,25.0555365,121.56550390000007
台北市延壽街A,28,0.68,25.0568103,121.56273779999992
台北市延壽街B,119,0.57,25.0568103,121.56273779999992
台北市忠孝東路1段70巷,1,0,25.044441,121.523778
台北市忠孝東路1段84巷,5,1,25.0439588,121.52409050000006
台北市忠孝東路3段193巷,25,0.88,25.0427289,121.53852929999994
台北市忠孝東路3段217巷3弄,25,0.72,25.042845,121.53911349999998
台北市忠孝東路3段217巷5弄,28,0.54,25.0433504,121.53906319999999
台北市忠孝東路3段248巷,49,0,25.0398437,121.54129360000002
台北市忠孝東路3段248巷7弄,14,0,25.0410873,121.5419703
台北市忠孝東路3段276巷,3,0,25.0410786,121.54245190000006
台北市忠孝東路4段181巷40弄,4,1,25.0439865,121.55023559999995
台北市忠孝東路4段216巷11弄,8,1,25.0407744,121.55352289999996
台北市忠孝東路4段216巷27弄,2,1,25.0398385,121.55368509999994
台北市忠孝東路4段216巷33弄,1,1,25.0393945,121.55351089999999
台北市忠孝東路4段248巷,2,0.5,25.0405302,121.55408950000003
台北市忠孝東路4段26巷,12,0.75,25.0397234,121.54441889999998
台北市忠孝東路5段236巷3弄,11,0.91,25.0403773,121.57293010000001
台北市忠孝東路5段423巷5弄,1,0,25.0417884,121.57476150000002
台北市忠孝東路5段743巷21弄,2,0.5,25.0438342,121.58043520000001
台北市忠孝東路5段743巷31弄,1,1,25.0442342,121.58057789999998
台北市忠孝東路6段,10,0.9,25.0491203,121.58864659999995
台北市忠孝東路6段212巷3弄,5,1,25.0480671,121.58781920000001
台北市忠孝東路6段212巷4弄,5,1,25.0479398,121.58728450000001
台北市忠孝東路6段278巷,6,1,25.0487119,121.5893939
台北市忠孝東路二段134巷,8,0.88,25.0413474,121.53151320000006
台北市忠孝東路三段251巷,11,0.82,25.0428161,121.54165310000008
台北市忠孝東路五段,27,1,25.0409736,121.57354320000002
台北市忠孝東路五段236巷27弄,12,0.92,25.0384954,121.57287629999996
台北市忠孝東路五段236巷45弄,3,1,25.037578,121.57274810000001
台北市忠孝東路五段236巷57弄,6,0.83,25.0370649,121.57274949999999
台北市忠孝東路五段372巷28弄,12,0.83,25.0389459,121.572904
台北市忠孝東路四段49巷,4,0.75,25.042632,121.54528490000007
台北市忠順街2段,8,0,24.9849311,121.56450110000003
台北市忠義街,19,0.89,25.1062252,121.5319667
台北市忠義街71巷,34,0.94,25.1057574,121.53265950000002
台北市忠義街71巷13弄,9,0,25.1059645,121.53262560000007
台北市忠義街78巷,8,0.75,25.1064726,121.53132690000007
台北市忠義街91巷,14,0,25.1062275,121.53287669999997
台北市忠誠路1段100巷,4,1,25.1055035,121.52818669999999
台北市忠誠路1段171巷10弄,5,0.8,25.1066256,121.53051529999993
台北市忠誠路1段173巷,6,1,25.1082067,121.53168879999998
台北市忠誠路一段,69,0.84,25.1053887,121.52859869999997
台北市忠誠路二段,110,0.65,25.1140402,121.53233590000002
台北市承德路3段122巷,1,0,25.0672912,121.51798639999993
台北市承德路3段28巷,4,0,25.0643267,121.51797020000004
台北市承德路4段1巷,2,0.5,25.0783932,121.52172819999998
台北市承德路4段2巷,48,0.38,25.0794839,121.51978469999995
台北市承德路二段91巷,4,1,25.0562056,121.51895439999998
台北市承德路二段A,49,0.92,25.0580802,121.51827090000006
台北市承德路二段B,9,0.67,25.0580802,121.51827090000006
台北市承德路三段,41,0.32,25.0707623,121.51851799999997
台北市承德路三段190巷,13,0,25.0697306,121.51805439999998
台北市承德路三段198巷,6,0.5,25.0701467,121.51815869999996
台北市承德路三段208巷,20,0.7,25.0704902,121.51749199999995
台北市承德路三段283巷,9,0.44,25.0726887,121.51981539999997
台北市承德路三段285巷,42,0.62,25.0707623,121.51851799999997
台北市承德路四段179巷含機車,11,1,25.089416,121.51908000000003
台北市承德路四段195巷含機車,17,1,25.088363,121.52273600000001
台北市承德路四段58巷,23,0.48,25.0819016,121.52158029999998
台北市承德路四段77巷,2,1,25.082045,121.52379470000005
台北市承德路四段A,56,0.71,25.0852328,121.52330110000003
台北市承德路四段B含機車,13,0.62,25.089416,121.51908000000003
台北市昆明街A,14,0.86,25.0421876,121.50465889999998
台北市昆明街C,55,0.95,25.0421876,121.50465889999998
台北市昆陽街,17,0.59,25.0510275,121.59378289999995
台北市昆陽街140巷42弄,12,0.42,25.0492366,121.59260169999993
台北市昆陽街152巷,11,0.64,25.0491832,121.59347909999997
台北市昆陽街157巷,10,0.8,25.0501576,121.5949544
台北市昌吉街,42,0.43,25.0659355,121.51367849999997
台北市明水路,216,0.38,25.0774522,121.54643850000002
台北市明水路397巷18弄,12,0.5,25.078666,121.54704019999997
台北市明水路397巷19弄,17,0.94,25.0786529,121.54879770000002
台北市明水路397巷2弄,13,0.23,25.0780765,121.54688399999998
台北市明水路475巷,3,0.67,25.0780896,121.55115520000004
台北市明水路494巷,7,0.14,25.0785347,121.55279789999997
台北市明水路557巷,4,0.75,25.0792621,121.55119239999999
台北市明水路581巷,22,0.77,25.0799969,121.55115230000001
台北市明水路606巷,4,1,25.0819404,121.55195890000005
台北市明水路672巷,8,0.88,25.0835807,121.55170670000007
台北市明德路,52,0.75,25.1112709,121.52115520000007
台北市明德路337巷,73,0.92,25.1168754,121.51954520000004
台北市明德路A,64,0.81,25.1112709,121.52115520000007
台北市明德路B,36,0.78,25.1112709,121.52115520000007
台北市杭州北路,26,0.19,25.045516,121.52729449999993
台北市杭州南路1段71巷,10,0.7,25.0393808,121.5271027
台北市杭州南路2段59巷,19,0.68,25.0314207,121.52332049999995
台北市杭州南路一段,65,0.69,25.0396434,121.52559559999997
台北市杭州南路二段,46,0.41,25.0316824,121.5224217
台北市杭州南路二段25巷,54,0.8,25.0334309,121.52436250000005
台北市東山路,140,0.14,25.1146024,121.53917219999994
台北市東明街,57,0.3,25.0549223,121.60264489999997
台北市東明街123巷,5,1,25.0551799,121.60050230000002
台北市東湖路113巷,31,0.74,25.0711444,121.61579329999995
台北市東湖路113巷49弄,15,0.8,25.0703937,121.61532
台北市東湖路113巷95弄,48,0.23,25.0739211,121.61552419999998
台北市東湖路33巷,3,0.67,25.0688027,121.61356909999995
台北市東湖路43巷,10,0.7,25.0687722,121.61401239999998
台北市東園街14巷,2,1,25.0316342,121.49829180000006
台北市東園街35巷,48,0.75,25.02718,121.49717299999998
台北市東園街67巷,6,0.5,25.0266791,121.49724420000007
台北市東園街73巷,5,0.8,25.0266721,121.49887039999999
台北市東新街,85,0.32,25.0468401,121.58774149999999
台北市東新街170巷,140,0.24,25.0431601,121.5927934
台北市東新街63巷,24,0.71,25.0478277,121.58674900000005
台北市東新街77巷,12,0.75,25.0475794,121.58950230000005
台北市東新街77巷4弄,6,0.67,25.0469688,121.58842860000004
台北市東新街B,18,0.94,25.0469688,121.58842860000004
台北市東興路,1,0,25.0483604,121.56576659999996
台北市松山路287巷,15,0.93,25.0428958,121.57909199999995
台北市松山路287巷3弄,12,1,25.0435642,121.57839000000001
台北市松仁路,47,0.57,25.0311805,121.568309
台北市松仁路153巷,3,1,25.02941,121.56914089999998
台北市松仁路253巷4弄,6,1,25.0252927,121.56967400000008
台北市松仁路275巷,2,1,25.0250579,121.57002560000001
台北市松仁路A,17,0.76,25.0311805,121.568309
台北市松平路50巷,11,0.82,25.0300553,121.56425119999994
台北市松江路188巷,2,0,25.0567859,121.5325441
台北市松江路25巷,5,1,25.0473719,121.53400160000001
台北市松江路357巷,6,0.67,25.0634253,121.5342005
台北市松江路469巷,2,0,25.0660855,121.53457900000001
台北市松江路84巷,5,0.8,25.0501974,121.53249010000002
台北市松江路85巷,14,1,25.0501827,121.53362190000007
台北市松江路90巷,14,1,25.050521,121.53146709999999
台北市松江路90巷6弄,1,1,25.0497845,121.53204310000001
台北市松江路A,15,0.73,25.0593595,121.53300030000003
台北市松江路B,1,0,25.0593595,121.53300030000003
台北市松河街,73,0.52,25.0568597,121.59085540000001
台北市松信路,70,0.81,25.0452502,121.57208739999999
台北市松勇路,7,0.71,25.0365659,121.56974730000002
台北市松勇路53巷,8,0.75,25.034182,121.57185290000007
台北市松智路32巷,7,0.71,25.0300396,121.56474849999995
台北市松智路32巷8弄,12,0.92,25.0297118,121.56473989999995
台北市松隆路A,61,0.66,25.0469789,121.57244590000005
台北市松隆路B,23,1,25.0469789,121.57244590000005
台北市松勤街140巷,6,0.67,25.0313558,121.56910249999999
台北市松德路,69,1,25.0343749,121.57462350000003
台北市松德路168巷,24,1,25.0365273,121.5732428
台北市松德路180巷,6,1,25.0356485,121.57353519999992
台北市林口街,12,1,25.0399835,121.58031219999998
台北市林口街80巷,25,0.84,25.0397911,121.58096869999997
台北市林口街A,7,1,25.0399835,121.58031219999998
台北市林口街B,4,1,25.0399835,121.58031219999998
台北市林森北路310巷,2,0.5,25.0562712,121.52459329999999
台北市林森北路5巷,5,1,25.045268,121.52389360000006
台北市林森北路9巷,3,0.67,25.0456008,121.5245883
台北市林森北路A,24,1,25.0566487,121.52549420000003
台北市林森北路B,2,1,25.0566487,121.52549420000003
台北市林森北路C,11,1,25.0566487,121.52549420000003
台北市林森南路,38,1,25.0384633,121.52144380000004
台北市林森南路61巷,15,0.07,25.0396509,121.52274139999997
台北市武昌街一段A,7,0.57,25.04411,121.51151419999997
台北市社子公園,24,0.46,25.0911936,121.50618400000008
台北市社子街,4,0.25,25.087424,121.50679489999993
台北市社中街,11,0.55,25.0917608,121.50690050000003
台北市臥龍街,112,0.27,25.0186658,121.55404750000002
台北市臥龍街,28,0,25.0186658,121.55404750000002
台北市臥龍街272巷,15,0,25.0170005,121.55787459999999
台北市臥龍街31巷,6,1,25.0232757,121.5472522
台北市芝玉路1段197巷,6,0,25.1069801,121.53287369999998
台北市芝玉路1段197巷25弄,18,0.11,25.1065079,121.53372860000002
台北市芝玉路1段223巷,5,0.6,25.1087968,121.53325440000003
台北市芳蘭路A,100,0.64,25.0132311,121.54590370000005
台北市虎林街242巷,8,0.75,25.035666,121.57649600000002
台北市虎林街50巷,4,0.75,25.0469239,121.57552899999996
台北市金山南路2段31巷,8,0.88,25.0328437,121.52806940000005
台北市金山南路一段,30,0.9,25.0386494,121.52852189999999
台北市金山南路二段,16,0.75,25.0301643,121.52663949999999
台北市金山南路二段141巷,3,1,25.0294624,121.52768739999999
台北市金山南路二段30巷,27,0.96,25.033151,121.52607720000003
台北市金湖路,102,0.25,25.078459,121.59995709999998
台北市金湖路65巷,13,0.38,25.0813803,121.59619450000002
台北市金華街,35,0,25.0302491,121.5260697
台北市金華街164巷,11,0.91,25.0290606,121.5305879
台北市金華街183巷,9,0.89,25.0307938,121.52730109999993
台北市金華街193巷,19,0.95,25.0302491,121.5260697
台北市金華街199巷,13,0.92,25.0310512,121.52823190000004
台北市金華街199巷3弄,2,1,25.030623,121.52839849999998
台北市金華街243巷,9,0.67,25.0305888,121.53033660000006
台北市金華街A,27,0.85,25.0302491,121.5260697
台北市金華街B,36,0.44,25.0302491,121.5260697
台北市金龍路,80,0.79,25.085704,121.59050550000006
台北市金龍路217巷,4,1,25.0885542,121.5873441
台北市長安西路A,22,1,25.0514809,121.51449179999997
台北市長安西路B,32,0.91,25.0514809,121.51449179999997
台北市長安東路2段153巷,14,1,25.0492164,121.53909299999998
台北市長安東路一段,25,0.8,25.0489386,121.52552479999997
台北市長安東路一段52巷,8,0.88,25.0476751,121.5279342
台北市長安東路二段A,13,0.92,25.0483719,121.53776560000006
台北市長安東路二段B,9,0.67,25.0483719,121.53776560000006
台北市長安東路二段C,4,1,25.0483719,121.53776560000006
台北市長沙街一段,64,0.92,25.0402389,121.50972860000002
台北市長沙街二段,42,0.79,25.0404026,121.50361299999997
台北市長春路137巷,10,1,25.0564348,121.53160700000001
台北市長春路163巷,8,0.88,25.0554075,121.53364480000005
台北市長春路258巷,3,1,25.0539173,121.53905340000006
台北市長春路A,16,0.94,25.0547633,121.53625809999994
台北市長春路B,30,0.9,25.0547633,121.53625809999994
台北市長春路C,27,1,25.0547633,121.53625809999994
台北市長春路D,22,0.91,25.0547633,121.53625809999994
台北市長春路E,19,1,25.0547633,121.53625809999994
台北市長春路F,46,0.96,25.0547633,121.53625809999994
台北市長春路G,16,0.88,25.0547633,121.53625809999994
台北市長順街,18,0.17,25.0313487,121.49074410000003
台北市長順街46巷,3,0.67,25.0313755,121.48917870000002
台北市長順街60巷,16,0.44,25.0316366,121.48868319999997
台北市長興街,18,0.33,25.0164895,121.54531880000002
台北市雨農路,47,0.49,25.0993491,121.53249230000006
台北市雨農路21巷,6,1,25.0977791,121.53127990000007
台北市雨聲街,175,0.59,25.10458,121.53142589999993
台北市青田街2巷,1,1,25.0284602,121.53103910000004
台北市青年路,101,0.85,25.0219055,121.50218480000001
台北市青年路152巷,4,0.5,25.0204674,121.50159580000002
台北市青年路168巷49弄,3,0.67,25.0195658,121.50213269999995
台北市青年路68巷,8,1,25.0235527,121.50213039999994
台北市青島東路,111,0.9,25.04362,121.5230004
台北市保安街,26,0.69,25.059196,121.51315279999994
台北市信安街,55,0.96,25.0253836,121.55655189999993
台北市信安街103巷,15,0.87,25.0235932,121.55896810000002
台北市信義路2段198巷,17,0.94,25.031792,121.53087979999998
台北市信義路2段243巷,6,0.83,25.0342173,121.5311577
台北市信義路3段111巷,20,0.75,25.0347916,121.53950789999999
台北市信義路3段134巷,27,0.89,25.0311402,121.53942170000005
台北市信義路3段147巷,53,0.96,25.0356124,121.54195149999998
台北市信義路3段147巷15弄,3,1,25.0350931,121.54300539999997
台北市信義路3段99巷,5,1,25.0343861,121.53864169999997
台北市信義路4段265巷5弄,6,0.83,25.0338034,121.55484760000002
台北市信義路6段15巷,8,1,25.0356238,121.57516629999998
台北市信義路二段,29,0.69,25.0339771,121.52848990000007
台北市信義路二段44巷,4,0.75,25.033948,121.52563299999997
台北市信義路五段150巷,23,0.91,25.0238885,121.57182880000005
台北市信義路五段150巷401弄,46,0.7,25.0241722,121.57028539999999
台北市信義路四段186巷,10,1,25.0323182,121.55158660000006
台北市信義路四段199巷,10,0.9,25.0343727,121.55163870000001
台北市信義路四段265巷,6,1,25.0344848,121.55481659999998
台北市前港街,60,0.78,25.0848803,121.52051000000006
台北市南京西路302巷,10,0.6,25.053601,121.51357099999996
台北市南京西路344巷,3,0.67,25.0530711,121.5121474
台北市南京西路A,2,1,25.0539992,121.51329310000006
台北市南京西路B,21,1,25.0539992,121.51329310000006
台北市南京東路3段303巷7弄,8,1,25.0528847,121.54613629999994
台北市南京東路3段89巷5弄,3,0.67,25.052851,121.5392531
台北市南京東路5段123巷4弄,2,1,25.0525262,121.56140959999993
台北市南京東路6段368巷,19,0.58,25.0593112,121.58653019999997
台北市南京東路三段338巷,23,0.96,25.0509485,121.54752719999999
台北市南京東路五段66巷,3,1,25.0506009,121.56079249999993
台北市南京東路五段66巷22弄,16,0.81,25.0490109,121.55997009999999
台北市南昌路2段(B),6,1,25.026135,121.52191110000001
台北市南昌路一段,35,1,25.0315622,121.51695429999995
台北市南昌路二段,19,0.79,25.026135,121.52191110000001
台北市南海路A,19,0.95,25.0312892,121.51204889999997
台北市南海路B,6,0.5,25.0312892,121.51204889999997
台北市南港路3段,62,0.55,25.0530088,121.58761340000001
台北市南港路3段109巷,55,0.07,25.0523882,121.58786329999998
台北市南港路3段149巷,21,0.38,25.051649,121.58579320000001
台北市南港路一段,66,0.76,25.0550966,121.61401269999999
台北市南港路一段277巷,13,1,25.0541509,121.60871989999998
台北市南港路一段287巷2弄,13,0.77,25.0540686,121.6082308
台北市南寧路,14,0.86,25.0363837,121.50473699999998
台北市哈密街,9,0.33,25.0733339,121.51675049999994
台北市哈密街,6,1,25.0733339,121.51675049999994
台北市哈密街59巷56弄,4,0,25.075364,121.51484479999999
台北市建國北路1段124巷,5,1,25.0506123,121.53581570000006
台北市建國北路1段138巷,10,0.8,25.0509827,121.5355826
台北市建國北路1段23巷,20,1,25.047326,121.53875749999997
台北市建國北路1段33巷,14,0.93,25.0477953,121.53851650000001
台北市建國北路1段78巷,10,1,25.0493226,121.53537400000005
台北市建國北路1段92巷,22,1,25.0501571,121.535845
台北市建國北路3段93巷5弄,8,0.75,25.0663739,121.53666720000001
台北市建國北路一段,1,1,25.0489965,121.5365074
台北市建國北路二段,21,0.95,25.0572323,121.53713730000004
台北市建國北路二段A,16,1,25.0572323,121.53713730000004
台北市建國北路三段,47,0.81,25.0675599,121.53426409999997
台北市建國北路三段113巷,12,0.92,25.0672927,121.53628449999997
台北市建國南路1段279巷,63,0.81,25.0361313,121.53894089999994
台北市建國南路1段304巷,15,0.67,25.0356997,121.53605100000004
台北市建國南路2段79巷,12,0.83,25.0308353,121.5387862
台北市建國南路一段B,16,0.5,25.0396259,121.53813830000001
台北市建國南路二段151巷,9,0.89,25.0287344,121.5390079
台北市後港街134巷,22,0.95,25.0867067,121.52038340000001
台北市思源街,14,0.64,25.0134855,121.53027339999994
台北市恆光街,3,0,24.981667,121.56737169999997
台北市指南路2段,2,0,24.9874844,121.57665309999993
台北市星雲街,52,0.62,25.0794429,121.5937232
台北市星雲街123巷,10,0.4,25.0806183,121.59531170000002
台北市星雲街138巷,4,0.5,25.0793185,121.59566480000001
台北市柳州街,21,0.67,25.0379917,121.5052124
台北市泉州街5巷,10,0.9,25.0306998,121.51424840000004
台北市泉州街6巷,61,0.95,25.0290442,121.51418579999995
台北市泉州街9巷,9,0.33,25.0304994,121.5143888
台北市泉州街B,24,0.83,25.0280872,121.51460500000007
台北市洛陽街,17,0.71,25.0474065,121.50811550000003
台北市洲子街A,41,1,25.079972,121.57127500000001
台北市牯嶺街84巷,26,0.96,25.0261024,121.51866859999996
台北市牯嶺街95巷,13,0.92,25.0255947,121.52049160000001
台北市牯嶺街9巷,3,1,25.0314278,121.51577640000005
台北市牯嶺街A,68,1,25.027446,121.51832560000003
台北市研究院路1段101巷,111,0.15,25.0526653,121.61834870000007
台北市研究院路1段151巷,49,0.39,25.0498566,121.61617610000008
台北市研究院路3段2巷,42,0.26,25.0361854,121.61652800000002
台北市研究院路3段86巷,5,0,25.034667,121.61312150000003
台北市迪化街2段,6,0.67,25.0703598,121.51172010000005
台北市迪化街2段149巷,2,0.5,25.0672123,121.51062580000007
台北市迪化街2段172巷,3,0.67,25.0671651,121.5097194
台北市迪化街2段268巷,3,0,25.0706182,121.51121869999997
台北市迪化街2段296巷,2,0.5,25.0713468,121.5117113
台北市迪化街一段A,29,0.48,25.0584964,121.50959880000005
台北市迪化街一段B,7,0.86,25.0584964,121.50959880000005
台北市重陽路,214,0.66,25.0578843,121.60533750000002
台北市重陽路125巷,34,0.29,25.0573513,121.59777869999994
台北市重陽路187巷,21,0.19,25.0575383,121.59855600000003
台北市重陽路57巷,46,0.07,25.0572966,121.59603360000006
台北市重慶北路3段223巷,3,1,25.070517,121.51494720000005
台北市重慶北路3段236巷45弄,9,0.67,25.0713315,121.51229839999996
台北市重慶北路4段,75,0.8,25.0817816,121.51295749999997
台北市重慶北路一段,4,1,25.0513443,121.51390659999993
台北市重慶北路三段,12,0.58,25.0712695,121.51388850000001
台北市重慶北路三段,53,0.47,25.0712695,121.51388850000001
台北市重慶南路2段70巷,9,0.56,25.030933,121.51431100000002
台北市重慶南路2段86巷2弄,3,0.67,25.0303976,121.51467309999998
台北市重慶南路一段126巷,2,1,25.037152,121.51181210000004
台北市重慶南路一段136巷,24,1,25.0363076,121.51173219999998
台北市重慶南路二段8巷,8,0.25,25.0334249,121.51212069999997
台北市峨嵋街A,10,1,25.0443534,121.50540909999995
台北市峨嵋街B,14,1,25.0448849,121.50465810000003
台北市師大路,9,1,25.0210188,121.52533110000002
台北市師大路A,11,0.55,25.0210188,121.52533110000002
台北市庫倫街,5,1,25.0718874,121.5185553
台北市徐州路,150,0.58,25.0409967,121.52222180000001
台北市振華街,18,1,25.1155709,121.51969529999997
台北市振興街,2,1,25.1178238,121.52222940000001
台北市桂林路,17,0.59,25.0384064,121.50093100000004
台北市桃源街,40,1,25.0401626,121.51030089999995
台北市泰安街,6,1,25.0400545,121.52803649999998
台北市泰安街3巷,6,0.5,25.0399607,121.52843329999996
台北市泰安街6巷,1,1,25.0401639,121.52758289999997
台北市泰順街39巷,5,1,25.0228857,121.53185529999996
台北市泰順街40巷,2,0,25.0243217,121.53036870000005
台北市浦城街,2,0,25.023483,121.52682290000007
台北市酒泉街,34,0.82,25.071963,121.51598910000007
台北市健康路15巷,13,0.85,25.0547164,121.55291060000002
台北市健康路325巷,12,0.5,25.0557497,121.56720139999993
台北市健康路325巷12弄,3,0.67,25.0555547,121.5678385
台北市健康路325巷18弄,4,1,25.0560499,121.56779289999997
台北市健康路325巷19弄,9,1,25.0559408,121.56633579999993
台北市健康路325巷5弄,14,1,25.0548405,121.56640570000002
台北市健康路325巷6弄,12,0.83,25.055003,121.56831620000003
台北市健康路B,77,0.48,25.0541269,121.56240830000002
台北市健康路C,17,0.88,25.0541269,121.56240830000002
台北市健康路YA,32,0.62,25.0541269,121.56240830000002
台北市健康路ZA,40,0.88,25.0541269,121.56240830000002
台北市國興路,41,0.93,25.0251858,121.50729530000001
台北市基河路188巷,12,1,25.0899528,121.52163330000008
台北市基河路300巷,16,1,25.0936086,121.5188382
台北市基河路396巷,5,1,25.0956406,121.51795620000007
台北市基河路A,78,0.88,25.0910494,121.52175979999993
台北市基河路B,14,0.93,25.0910494,121.52175979999993
台北市基湖路112巷,16,0.5,25.0790219,121.56305099999997
台北市基湖路120巷,23,0.26,25.0784403,121.56277180000006
台北市基湖路157巷,8,0,25.0770282,121.56451140000001
台北市基湖路166巷,2,0,25.0774121,121.56244270000002
台北市基湖路35巷2弄,10,1,25.0788378,121.5661705
台北市基湖路3巷,6,1,25.0807494,121.56688120000001
台北市基隆路1段35巷7弄,10,1,25.0479657,121.57100439999999
台北市基隆路1段380巷,4,0,25.0344718,121.55900050000002
台北市基隆路2段209巷,17,0.94,25.0227646,121.5519243
台北市基隆路2段291巷,19,0.95,25.0209172,121.54991029999996
台北市基隆路一段102巷,82,0.84,25.0449165,121.56557840000005
台北市基隆路一段172巷,15,1,25.0432301,121.56460429999993
台北市基隆路三段155巷,27,0.56,25.0126475,121.54497949999995
台北市崇德街,3,0.67,25.0171627,121.56599189999997
台北市康寧路1段,57,0.58,25.0783462,121.59620089999999
台北市康寧路1段195巷,2,0,25.0788596,121.59676330000002
台北市康寧路1段195巷4弄,2,1,25.0790018,121.59626230000003
台北市康寧路3段189巷,1,0,25.0729954,121.61257369999998
台北市康寧路3段189巷21弄,2,1,25.0709402,121.61261530000002
台北市康寧路3段189巷93弄,7,0.57,25.0733356,121.61203790000002
台北市康寧路3段245巷,17,0.59,25.0667376,121.61263689999998
台北市康寧路3段70巷,2,1,25.0684942,121.60996750000004
台北市康寧路3段75巷186弄,2,0,25.0762587,121.61336210000002
台北市康寧路3段99巷,6,0.83,25.072387,121.61037250000004
台北市康寧路三段189巷141弄,6,0.67,25.0739267,121.61175090000006
台北市康樂街125巷,11,0.91,25.073305,121.62018690000002
台北市康樂街136巷15弄,3,1,25.0726581,121.61851869999998
台北市康樂街136巷30弄,3,0.33,25.0710904,121.61786870000003
台北市康樂街191巷,12,0.25,25.0748736,121.62062179999998
台北市康樂街61巷15弄,10,0,25.069271,121.62001080000005
台北市康樂街72巷17弄,2,1,25.0710742,121.61714860000006
台北市康樂街85巷,21,0.48,25.0697266,121.62006489999999
台北市涼州街A,4,0.75,25.0607139,121.51228379999998
台北市涼州街B,61,0.66,25.0607139,121.51228379999998
台北市紹興南街,97,0.66,25.0403354,121.52393119999999
台北市紹興南街A,24,0.25,25.0403354,121.52393119999999
台北市莊敬路,81,0.86,25.0291244,121.56262070000002
台北市莊敬路239巷,2,1,25.0298589,121.56269880000002
台北市莊敬路325巷45弄,27,1,25.0295402,121.56421139999998
台北市莊敬路341巷,2,1,25.0283765,121.5647209
台北市莊敬路391巷11弄,3,1,25.0287021,121.5656157
台北市莊敬路423巷7弄,7,0.57,25.0285358,121.56633379999994
台北市莊敬路423巷8弄,5,0.8,25.0285085,121.56781279999996
台北市莒光路299巷,15,0.67,25.0302498,121.49915050000004
台北市莒光路A,22,0.73,25.0240171,121.47199490000003
台北市莒光路B,40,0.85,25.0240171,121.47199490000003
台北市通化街,14,0.93,25.0292749,121.55395520000002
台北市通化街186巷,6,0.83,25.0267425,121.55276149999997
台北市通北街,10,0.7,25.0826945,121.53888499999994
台北市通河東街1段167巷,3,0.33,25.0878604,121.51652890000003
台北市通河街1巷,7,0.57,25.0802447,121.52379719999999
台北市通河街2巷,32,0.34,25.0789185,121.52317489999996
台北市通河街325巷,11,0.55,25.081897,121.51866180000002
台北市博愛路A,16,0.88,25.0401749,121.5113096
台北市博愛路C,67,1,25.0401749,121.5113096
台北市堤頂大道一段,28,0.89,25.0643475,121.57250879999992
台北市堤頂大道二段407巷,15,1,25.0806774,121.56353239999999
台北市堤頂大道二段,53,0.87,25.0779865,121.56653610000001
台北市堤頂大道,102,0.25,25.0779865,121.56653610000001
台北市富山路,15,0.27,24.9895277,121.55342569999993
台北市富民街155巷,11,0.27,25.0182918,121.50094020000006
台北市富康街,25,0.84,25.0531009,121.61715989999993
台北市富康街1巷,54,0.31,25.0543908,121.61892039999998
台北市富康街1巷16弄,24,0.96,25.0536829,121.61798279999994
台北市富陽街,36,0,25.0202282,121.55664969999998
台北市富錦街107巷,45,0.93,25.0608481,121.5526274
台北市富錦街12巷,16,1,25.0597261,121.55095979999999
台北市富錦街359巷,4,1,25.0608712,121.55806929999994
台北市富錦街359巷2弄,53,0.42,25.0612965,121.55913970000006
台北市富錦街359巷3弄,21,0.9,25.0610528,121.5573746
台北市富錦街429巷B,9,0.67,25.061244,121.56134410000004
台北市富錦街A,172,0.53,25.060629,121.55910840000001
台北市富錦街B,97,0.56,25.060629,121.55910840000001
台北市復興北路313巷,6,0,25.0589617,121.54591200000004
台北市復興北路402巷,17,1,25.0617865,121.54303449999998
台北市復興北路430巷,11,1,25.0633755,121.5431122
台北市復興北路488巷,14,1,25.0651364,121.54350679999993
台北市復興北路A,9,1,25.0570525,121.54423020000002
台北市復興北路B,6,0.67,25.0570525,121.54423020000002
台北市復興南路1段253巷,5,0.8,25.0367726,121.54475290000005
台北市復興南路1段340巷,9,1,25.0360837,121.54282060000003
台北市復興南路2段171巷,4,0,25.0276868,121.54432489999999
台北市復興南路2段210巷,8,0,25.0265017,121.54274280000004
台北市復興南路2段78巷42弄,12,1,25.0306729,121.54185180000002
台北市復興南路一段126巷,9,1,25.0431195,121.54245500000002
台北市復興南路一段135巷,11,0.64,25.0426224,121.54499880000003
台北市復興南路一段A,11,1,25.0390251,121.54379449999999
台北市復興南路一段B,2,1,25.0402941,121.54382950000002
台北市復興南路二段,6,0,25.0272712,121.54355140000007
台北市復興南路二段148巷,22,0,25.0284134,121.54234640000004
台北市復興南路二段151巷,36,0,25.0283341,121.54481149999992
台北市惠民街,54,0.91,25.0569432,121.61007259999997
台北市惠安街,21,1,25.0291994,121.50696459999995
台北市惠安街A,5,1,25.0291994,121.50696459999995
台北市敦化北路155巷100弄,9,0.89,25.0545857,121.55217659999994
台北市敦化北路165巷,17,1,25.0547405,121.55127149999998
台北市敦化北路199巷,26,1,25.0565293,121.55102699999998
台北市敦化北路222巷18弄,3,0,25.0591891,121.5476966
台北市敦化北路222巷6弄,7,0,25.059038,121.54860410000003
台北市敦化北路238巷,8,0,25.0602397,121.54873980000002
台北市敦化北路244巷,15,0,25.0608542,121.54839609999999
台北市敦化北路244巷6弄,16,0,25.0599803,121.54907639999999
台北市敦化北路4巷25弄,15,1,25.0492357,121.54619079999998
台北市敦化南路1段295巷,13,1,25.0354362,121.5509591
台北市敦化南路2段11巷14弄,1,1,25.0323706,121.55014069999993
台北市敦化南路2段63巷,9,1,25.0309293,121.55044980000002
台北市敦化南路二段81巷,26,0.58,25.0299191,121.55020630000001
台北市敦南街,7,0.86,25.02185,121.54688149999993
台北市敦煌路,9,1,25.0763833,121.51304779999998
台北市敦煌路A,49,0.41,25.0763833,121.51304779999998
台北市敦煌路B（慶昌橋下）,83,0.25,25.0763338,121.51555439999993
台北市景文街,3,0.67,24.9911741,121.54129910000006
台北市景華街,96,0.39,24.9951273,121.54472469999996
台北市景華街128巷,15,0.47,24.9949178,121.54780690000007
台北市景華街97巷,14,0.29,24.996109,121.54603999999995
台北市景隆街,69,0,24.9994211,121.54220570000007
台北市景福街,118,0.04,24.9973621,121.5364902
台北市景興路,94,0.06,24.993088,121.54435719999992
台北市景興路282巷,4,0,24.9897603,121.54171539999993
台北市景興路46巷,21,0.19,24.9960618,121.54392419999999
台北市景豐街,8,0.12,25.0011696,121.54512739999996
台北市植福路,102,0.56,25.0839338,121.55853860000002
台北市植福路286巷,39,0.46,25.0815748,121.5598334
台北市渭水路,9,0.44,25.0456957,121.53407470000002
台北市渭水路3巷,13,1,25.0463964,121.53361789999997
台北市港華街,24,0.71,25.0830225,121.57513510000001
台北市港墘路,21,1,25.076853,121.57516950000002
台北市港墘路127巷,24,0.92,25.077747,121.57683650000001
台北市港墘路127巷6弄,11,0.82,25.07832,121.57688780000001
台北市港墘路221巷,43,1,25.0739589,121.57437479999999
台北市港墘路82巷,22,0.64,25.0810991,121.5768309
台北市湖口街,23,0.96,25.0331567,121.51485660000003
台北市無名巷,4,1,25.0556928,121.54482699999994
台北市華亭街,10,0.5,25.0528399,121.51320110000006
台北市華榮市場,68,0.81,25.0949094,121.52362599999992
台北市華齡街,65,0.85,25.0857725,121.5194133
台北市詔安街,34,0.65,25.0254679,121.51211280000007
台北市貴陽街一段,41,1,25.0387959,121.5124131
台北市貴陽街二段,52,0.83,25.0399855,121.50248039999997
台北市開封街一段A,16,1,25.0459918,121.51242669999999
台北市開封街二段,32,0.91,25.0465649,121.50702960000001
台北市陽光街,46,0.67,25.0749177,121.58203200000003
台北市陽光街252巷,10,1,25.0749177,121.58203200000003
台北市陽光街321巷,45,0.98,25.0716892,121.57820709999999
台北市陽光街345巷,4,0.5,25.0724786,121.57803590000003
台北市陽光街365巷,10,0.9,25.0719031,121.57721479999998
台北市雲和街,1,0,25.0234741,121.53003130000002
台北市園區街,43,1,25.0590731,121.61255340000002
台北市塔城街,12,1,25.0506667,121.51051819999998
台北市塔悠路,145,0.45,25.0581547,121.56927510000003
台北市塔悠路120巷,15,0.53,25.055309,121.56930139999997
台北市廈門街113巷,26,0.81,25.023359,121.51903489999995
台北市廈門街135巷,6,0.67,25.0221802,121.51822119999997
台北市愛國西路,9,1,25.0357289,121.5115773
台北市愛國東路,68,0.91,25.032472,121.52238950000003
台北市愛國東路79巷,11,0.91,25.0320431,121.5275183
台北市敬業一路,64,0.45,25.0819462,121.55256180000003
台北市敬業一路128巷,32,0.88,25.0833637,121.5532551
台北市敬業一路36巷,20,0.1,25.0810935,121.55354110000007
台北市敬業二路,71,0.49,25.0826688,121.55439230000002
台北市敬業二路69巷,18,0.67,25.0819377,121.55358509999996
台北市敬業三路177巷,10,0.2,25.0786766,121.55581640000003
台北市新中街,44,0.86,25.0595472,121.56043049999994
台北市新中街4巷,15,0.87,25.0576811,121.56113049999999
台北市新中街52巷B,22,0.73,25.0615262,121.56086000000005
台北市新中街6巷,10,0.8,25.0582885,121.5605448
台北市新民街,13,0.92,25.0559758,121.61196470000004
台北市新生北路2段133巷,6,0.67,25.0608527,121.52894609999998
台北市新生北路2段45巷,5,0.6,25.0556716,121.52885000000003
台北市新生北路2段62巷,3,1,25.0562001,121.52640109999993
台北市新生北路一段,14,1,25.0480642,121.52999219999992
台北市新生北路二段28巷,6,0,25.0538514,121.526385
台北市新生北路三段,25,0,25.0667285,121.5279888
台北市新生北路三段Y00,9,0.22,25.0667285,121.5279888
台北市新生北橋下C(二),50,0.56,25.06097,121.52766900000006
台北市新生北橋下C(三),33,0.61,25.06097,121.52766900000006
台北市新生北橋下D(一),221,0.62,25.06097,121.52766900000006
台北市新生南路1段143巷,17,0.94,25.0361953,121.53415999999993
台北市新生南路1段157巷,6,1,25.0349568,121.5351134
台北市新生南路2段46巷,4,1,25.0291114,121.53301379999994
台北市新生南路2段70巷,4,1,25.0276137,121.53375630000005
台北市新生南路3段54巷,4,1,25.0208747,121.53349159999993
台北市新生南路3段56巷,1,1,25.0204149,121.53351169999996
台北市新生南路3段76巷,7,1,25.0191658,121.53334749999999
台北市新生南路3段86巷,4,1,25.0188049,121.5326503
台北市新光路1段,32,0,24.9911876,121.57368559999998
台北市新明路,115,0.66,25.0567155,121.58395670000004
台北市新東街,37,0.78,25.0601907,121.56572159999996
台北市新東街11巷,16,0.62,25.058215,121.56601569999998
台北市新東街12巷,34,0.68,25.0578479,121.56770640000002
台北市新東街30巷,10,0.7,25.0594909,121.567137
台北市新東街3巷,8,1,25.0576187,121.56606669999996
台北市新東街51巷,24,0.38,25.0616197,121.5651848
台北市新湖1路128巷,37,0.81,25.0601967,121.57689929999992
台北市新湖1路36巷,17,0.71,25.0594367,121.57454929999994
台北市新湖一路,189,0.58,25.0606686,121.57985789999998
台北市新湖一路339巷,6,1,25.0631011,121.58424130000003
台北市新湖一路358巷,16,1,25.0632847,121.58238570000003
台北市新湖二路,120,0.52,25.0625661,121.57936999999993
台北市新湖二路146巷,15,1,25.0634625,121.5787345
台北市新湖二路191巷,18,1,25.0621837,121.57963889999996
台北市新湖二路250巷,13,0.92,25.0653084,121.58241780000003
台北市新湖二路282巷,28,0.18,25.0654904,121.58387370000003
台北市新湖二路295巷,13,0.69,25.0625661,121.57936999999993
台北市新湖三路,137,0.68,25.0644468,121.57858669999996
台北市新湖三路219巷,19,0.95,25.0651486,121.58103670000003
台北市溫州街,19,1,25.022605,121.53323260000002
台北市溫州街12巷,2,1,25.0257407,121.53229920000001
台北市溫州街16巷,4,1,25.0252903,121.53224560000001
台北市溫州街18巷,9,1,25.0247383,121.53244289999998
台北市溫州街20巷,2,1,25.0241678,121.53295649999995
台北市溫州街22巷,7,1,25.0236952,121.53230559999997
台北市溫州街46巷,9,1,25.0218015,121.53269599999999
台北市溫州街52巷,11,1,25.0209642,121.53259120000007
台北市溫州街58巷,7,1,25.0205444,121.53227349999997
台北市溫州街68巷,10,0.9,25.0201526,121.53236820000006
台北市溫州街74巷,4,1,25.0196848,121.53231729999993
台北市溫州街74巷3弄,3,1,25.019272,121.5322721
台北市溫州街74巷4弄,1,1,25.0199187,121.53234270000007
台北市溫州街74巷5弄,2,1,25.0195041,121.53202310000006
台北市瑞光路112巷,9,0.78,25.0713075,121.58005460000004
台北市瑞光路122巷41弄,3,1,25.071687,121.5798479
台北市瑞光路132巷,75,0.84,25.071893,121.57884309999997
台北市瑞光路188巷,4,1,25.0740875,121.57716389999996
台北市瑞光路258巷,15,1,25.0747436,121.57479860000001
台北市瑞光路26巷20弄,12,1,25.069723,121.5823057
台北市瑞光路316巷,18,0.33,25.0757695,121.57341240000005
台北市瑞光路358巷30弄,20,0.8,25.0763229,121.5727382
台北市瑞光路478巷18弄,4,1,25.0787172,121.56797899999992
台北市瑞光路66巷,15,1,25.0699614,121.58140550000007
台北市瑞光路76巷,32,0.66,25.0696309,121.57954459999996
台北市瑞光路76巷A,11,0.91,25.0696309,121.57954459999996
台北市瑞安街,33,0.91,25.0290214,121.54180559999998
台北市瑞安街142巷,11,0.82,25.0295686,121.54184310000005
台北市瑞安街208巷,17,0.88,25.0294674,121.54055549999998
台北市瑞安街208巷11弄,24,0.71,25.0287109,121.54074700000001
台北市瑞安街208巷58弄,21,0.81,25.029883,121.54025639999998
台北市瑞安街23巷,25,0.92,25.0310158,121.54485820000002
台北市瑞安街256巷,3,1,25.0273765,121.5387594
台北市瑞安街81巷,8,0.88,25.0278425,121.54109740000001
台北市瑞安街A,10,0,25.0290214,121.54180559999998
台北市瑞湖街,4,1,25.0712322,121.57640919999994
台北市瑞湖街178巷,13,1,25.0707233,121.57579800000008
台北市經貿二路62巷,34,0.88,25.0569405,121.6153577
台北市萬大路,17,0.71,25.0232664,121.49971890000006
台北市萬大路277巷33弄,7,0.29,25.0260089,121.50173089999998
台北市萬大路344巷,22,0.77,25.0240756,121.4988098
台北市萬大路423巷,7,1,25.0214031,121.50071060000005
台北市萬大路90巷,2,0,25.0302648,121.49974769999994
台北市萬全街,2,1,25.0584183,121.51796020000006
台北市萬青街,1,1,25.0232694,121.50154980000002
台北市萬美街1段,73,0.07,25.0019901,121.56662929999993
台北市葫蘆街,75,0.68,25.0816092,121.50833139999997
台北市裕民二路33巷,4,0.75,25.1153408,121.51722519999998
台北市裕民二路49巷,11,0.82,25.1147165,121.51694220000002
台北市試院路,52,0.02,24.9889111,121.5483044
台北市農安街,103,0.91,25.0648401,121.52943049999999
台北市農安街204巷,3,1,25.0642387,121.53621269999996
台北市嘉興街,28,0.61,25.0255912,121.55612450000001
台北市寧安街,6,0.83,25.0499804,121.5545687
台北市寧波西街,6,0.83,25.0295378,121.51421290000008
台北市寧波西街181巷,8,0.5,25.0264514,121.51013560000001
台北市寧波西街A,4,1,25.0295378,121.51421290000008
台北市寧波西街Y00,61,0.67,25.0295378,121.51421290000008
台北市寧波西街Z00,50,0.94,25.0295378,121.51421290000008
台北市寧波東街,4,1,25.0323689,121.51997529999994
台北市寧波東街9巷,4,1,25.0328344,121.51902059999998
台北市寧夏路A,12,1,25.0581409,121.51521409999998
台北市寧夏路B,15,0.8,25.0581409,121.51521409999998
台北市榮華一路,6,1,25.1123603,121.52433940000003
台北市福中公園,22,1,25.087873,121.51871400000005
台北市福州街,32,0.91,25.0279431,121.51716110000007
台北市福州街A,3,0,25.0279431,121.51716110000007
台北市福志路,139,0.37,25.0988999,121.52976839999997
台北市福林路254巷,37,0.22,25.0980242,121.53591269999993
台北市福港街,13,1,25.0872039,121.51784780000003
台北市福港街199巷,9,1,25.0872039,121.51784780000003
台北市福華路128巷,4,1,25.1030777,121.52366719999998
台北市福德街,58,0.24,25.0386935,121.58543989999998
台北市福德街310巷B,24,0.83,25.0405024,121.5872091
台北市福德街339巷,10,0.6,25.0386289,121.58897419999994
台北市福德街373巷,30,0.53,25.0395592,121.59128080000005
台北市福德街84巷,25,0.8,25.0383542,121.58093889999998
台北市艋舺大道,59,0.22,25.0326537,121.4980256
台北市艋舺大道120巷38弄,7,0.71,25.0318198,121.50156579999998
台北市銅山街,2,1,25.0397955,121.52733349999994
台北市銅山街11巷,2,0.5,25.040339,121.52685870000005
台北市劍潭路,21,0.62,25.0837291,121.52243410000005
台北市廣州街218巷,13,0.62,25.0363521,121.4970012
台北市廣州街4巷,9,0.56,25.0345803,121.50972490000004
台北市廣州街8巷,40,0.88,25.0344332,121.50825110000005
台北市廣州街A,51,0.86,25.0365385,121.50311550000004
台北市廣州街B,11,1,25.0365385,121.50311550000004
台北市德行西路,20,0.7,25.1048238,121.52226040000005
台北市德行東路,152,0.63,25.1092383,121.53271459999996
台北市德行東路104巷,3,0,25.1067477,121.52866889999996
台北市德行東路104巷5弄,2,0.5,25.1074145,121.52889219999997
台北市德行東路104巷9弄,1,1,25.1067806,121.52890430000002
台北市德行東路109巷,5,0.8,25.1099112,121.52858459999993
台北市德行東路132巷,2,0.5,25.107469,121.52924059999998
台北市德行東路132巷3弄,2,1,25.1075452,121.52973550000002
台北市德行東路132巷7弄,1,0,25.1069543,121.52970270000003
台北市德行東路190巷31弄,6,0.33,25.107624,121.53236229999993
台北市德行東路265巷,1,1,25.1105148,121.53498690000004
台北市德行東路331巷,21,0.43,25.1119814,121.53820900000005
台北市德行東路338巷,10,0,25.1110746,121.54537430000005
台北市德行東路365巷,14,0.14,25.1111546,121.53878510000004
台北市德行東路90巷33弄,4,1,25.1060586,121.52849170000002
台北市德昌街,15,0.47,25.0239599,121.49612520000005
台北市德昌街272巷,3,0.67,25.0233748,121.49193949999994
台北市德惠街,24,1,25.0666336,121.52798280000002
台北市德惠街170巷,2,0,25.0656558,121.53177219999998
台北市德惠街B,14,0.79,25.0666336,121.52798280000002
台北市慶城街,34,1,25.0550833,121.54669590000003
台北市撫順街,2,1,25.0635082,121.52017709999996
台北市撫順街41巷,51,0.65,25.0660705,121.51954209999997
台北市撫遠街,52,0.63,25.0631836,121.56600389999994
台北市撫遠街255巷,26,0,25.061124,121.56774859999996
台北市樂利路,31,0.97,25.0268521,121.55161270000008
台北市樂利路45巷,3,1,25.0267333,121.5520378
台北市樂業街,8,1,25.0211357,121.5517228
台北市樂群二路,122,0.37,25.0799768,121.55744300000003
台北市樂群二路265巷,31,0.77,25.0807395,121.56022159999998
台北市樂群二路266巷,42,0.38,25.0783712,121.56181179999999
台北市樂群二路30巷,22,0.32,25.0789635,121.55332850000002
台北市樂群三路,81,0.49,25.0826534,121.55620169999997
台北市樂群路2段116巷,7,0.14,24.9983706,121.44285059999993
台北市樟新街,16,0,24.9786601,121.5554032
台北市潮州街,21,0.76,25.0290012,121.52544020000005
台北市潮州街3巷,14,1,25.0306759,121.52076920000002
台北市鄭州路143巷,6,1,25.0510401,121.50987409999993
台北市興中路,41,0.63,25.05506,121.60737110000002
台北市興中路12巷,13,0.85,25.0549247,121.60665419999998
台北市興中路28巷,16,0.81,25.0555091,121.60679660000005
台北市興中路44巷,12,0.5,25.056006,121.6065049
台北市興中路56巷,4,1,25.0563729,121.60638640000002
台北市興安街Y00,2,1,25.0560902,121.54182650000007
台北市興安街Z00,77,0.96,25.0560902,121.54182650000007
台北市興東街,6,1,25.0560735,121.61179270000002
台北市興南街,67,0.34,25.0559068,121.60090749999995
台北市興華路,17,0.76,25.0559646,121.60579830000006
台北市興隆務三段192巷8弄,5,0,24.9974908,121.558311
台北市興隆路2段,46,0.43,25.0006408,121.549443
台北市興隆路2段154巷,10,0.5,25.0010322,121.55162700000005
台北市興隆路2段220巷,85,0.39,25.0000035,121.55200509999997
台北市興隆路2段244巷,43,0.53,25.0000873,121.55340669999998
台北市興隆路3段,70,0.33,24.9952766,121.55968519999999
台北市興隆路4段,89,0.17,24.9866234,121.56087520000005
台北市興隆路一段,69,0.3,25.0016878,121.54218289999994
台北市興順街,21,0.29,25.0012233,121.5450965
台北市興義街,37,0.84,25.0266532,121.49177689999999
台北市遼寧街128巷,15,0.93,25.053376,121.54114300000003
台北市遼寧街A,18,0.83,25.0524996,121.54206109999996
台北市錦州街A,8,0.62,25.0603308,121.53352419999999
台北市錦州街B,6,0.33,25.0603308,121.53352419999999
台北市錦州街C,62,0.95,25.0603308,121.53352419999999
台北市錦西街,57,0.93,25.0602313,121.51878979999992
台北市錦西街38巷,16,0.81,25.0602621,121.52034090000006
台北市錦西街53巷,27,0.78,25.0603647,121.51589639999997
台北市龍江路124巷,8,1,25.0538552,121.53972580000004
台北市龍江路132巷,8,1,25.0542373,121.53968770000006
台北市龍江路155巷,1,1,25.0542231,121.54130099999998
台北市龍江路229巷,12,0.92,25.0572192,121.54123600000003
台北市龍江路298巷,8,0.88,25.0618064,121.54019459999995
台北市龍江路345巷,22,1,25.0633855,121.54173209999999
台北市龍江路55巷,12,1,25.0495534,121.54135889999998
台北市龍江路A,22,0.91,25.0574947,121.54059610000002
台北市龍江路B,4,0.5,25.0574947,121.54059610000002
台北市龍江路C,21,1,25.0574947,121.54059610000002
台北市龍江路D,55,0.93,25.0574947,121.54059610000002
台北市龍泉街,21,0,25.0235291,121.52935950000006
台北市龍泉街93巷,15,0.87,25.0216372,121.52978889999997
台北市濟南路一段,111,0.63,25.0424802,121.52240389999997
台北市濟南路二段,34,0.74,25.0407174,121.52964040000006
台北市濱江街,30,0.2,25.0721434,121.54609490000007
台北市濱江橋下停車場,16,0.94,25.0722922,121.54159870000001
台北市環山路1段,104,0.54,25.0864153,121.56756189999999
台北市環山路1段24巷,33,0.58,25.084536,121.56451319999996
台北市環山路1段28巷,32,0.81,25.0854851,121.56466360000002
台北市環山路1段9巷,5,0,25.0829884,121.5663098
台北市環山路2段,92,0.73,25.085147,121.57427439999992
台北市環山路3段,85,0.36,25.0847098,121.58049200000005
台北市環河北路2段205巷,4,0,25.0692497,121.50965410000003
台北市環河北路3段,34,0.26,25.0845233,121.50643450000007
台北市環河北路3段,33,0.48,25.0845233,121.50643450000007
台北市環河南路2段100巷,5,1,25.0372408,121.49518379999995
台北市環河南路2段175巷,7,0,25.0324483,121.49263070000006
台北市環河南路2段250巷,4,1,25.0335889,121.49102619999996
台北市環河南路2段250巷25弄,2,0.5,25.0336145,121.49006830000008
台北市環河南路2段250巷3弄,3,0.33,25.0327132,121.49158299999999
台北市環河南路2段280巷,7,0.71,25.0328868,121.4901863
台北市環河南路二段A,65,0.63,25.0341019,121.49328400000002
台北市環河南路二段B,31,-99,25.0341019,121.49328400000002
台北市環河南路二段C,12,0.25,25.0341019,121.49328400000002
台北市環河南路三段,60,0.2,25.0210526,121.49238179999998
台北市環河南路橋下A,200,0.38,25.0475336,121.50596129999997
台北市環河南路橋下B,39,0.74,25.0508547,121.49268340000003
台北市環河南路橋下C,24,0.88,25.0508547,121.49268340000003
台北市磺溪街,18,0.44,25.1071967,121.52308800000003
台北市磺溪街55巷,69,0.78,25.1075244,121.52251160000003
台北市臨沂街,16,0.88,25.0389555,121.52943849999997
台北市臨沂街14巷,3,1,25.041193,121.52996840000003
台北市臨沂街71巷19弄,1,1,25.0361705,121.53055619999998
台北市歸綏街,33,0.79,25.0582216,121.51335749999998
台北市舊庄街1段,4,0.5,25.0396462,121.62068390000002
台北市舊宗路1段150巷,44,0.52,25.0617152,121.5753214
台北市舊宗路2段135巷,20,0.7,25.0698694,121.57563749999997
台北市舊宗路2段171巷,6,1,25.0712342,121.57580740000003
台北市舊宗路2段181巷,13,1,25.0718304,121.57540080000001
台北市雙和街,27,0.74,25.0278506,121.50197209999999
台北市雙城街,8,1,25.0656226,121.52428770000006
台北市雙園街107巷,3,0,25.0321032,121.49221119999993
台北市雙園街107巷B,8,0.38,25.0321032,121.49221119999993
台北市雙園街89巷,8,0.88,25.0318911,121.49256609999998
台北市懷寧街,28,0.96,25.0427573,121.51403019999998
台北市懷德街A,78,0.71,25.1128664,121.51957579999998
台北市羅斯福路3段269巷,4,1,25.0200002,121.53079619999994
台北市羅斯福路3段269巷51弄,1,1,25.0202748,121.53153650000002
台北市羅斯福路3段283巷,19,0.89,25.0197416,121.53175009999995
台北市羅斯福路3段283巷14弄,1,0,25.0183718,121.53219749999994
台北市羅斯福路3段283巷21弄,2,1,25.0200021,121.53110850000007
台北市羅斯福路3段283巷7弄,7,0.86,25.0186884,121.5312639
台北市羅斯福路3段283巷9弄,8,1,25.0189397,121.53124700000001
台北市羅斯福路4段113巷,43,0.91,25.0113026,121.53931050000006
台北市羅斯福路4段119巷,83,0.16,25.0098164,121.53935019999994
台北市羅斯福路6段142巷,47,0.3,24.9976014,121.53791619999993
台北市羅斯福路一段119巷,11,1,25.0303859,121.52143439999998
台北市羅斯福路四段90巷,6,0.9,25.0137708,121.53476769999997
台北市麗山街,32,0.66,25.0815402,121.58017940000002
台北市麗山街348巷,46,0.5,25.0820377,121.5735611
台北市麗山街37巷,34,0.79,25.0806109,121.58141019999994
台北市麗山街385巷,2,0.5,25.0822934,121.57258520000005
台北市麗山街B,16,0.62,25.0815402,121.58017940000002
台北市麗水街17巷,6,1,25.0292313,121.5291671
台北市麗水街33巷,24,0.67,25.0279814,121.52931699999999
台北市麗水街B,19,0.84,25.0301286,121.52854290000005
台北市寶慶路A,4,1,25.0412285,121.51109259999998
台北市寶興街,60,0.82,25.0251828,121.49470819999999
台北市寶興街140巷,4,1,25.0240156,121.49386129999993
台北市蘭州街A,4,1,25.0637502,121.51502400000004
台北市蘭州街B,6,0,25.0637502,121.51502400000004
台北市蘭雅公園,20,0.6,25.1097423,121.5298742