Name,Usage,Lat,Lon
台北市一江街A,1,25.0527588,121.5315127
台北市一江街B,0.5,25.0527588,121.5315127
台北市八德路2段199巷,0.95,25.0473193,121.539057
台北市八德路2段210巷,0.78,25.0455085,121.5393547
台北市八德路2段218巷,0.38,25.0459506,121.5399138
台北市八德路3段106巷,0.83,25.0462648,121.5541689
台北市八德路3段155巷,0.8,25.0489149,121.5550777
台北市八德路4段333巷,0,25.0494362,121.5672872
台北市八德路二段10巷,0.5,25.0440041,121.5350627
台北市八德路二段167巷,0.67,25.0473419,121.5379799
台北市八德路二段451巷,0.93,25.0490975,121.5474539
台北市八德路二段A,0.45,25.0468781,121.5411405
台北市八德路二段B,1,25.0468781,121.5411405
台北市八德路三段,1,25.0500356,121.5649528
台北市八德路三段199巷1弄,0.73,25.0487856,121.5566821
台北市八德路四段,0.9,25.0497425,121.5701925
台北市三元街,0.66,25.0283164,121.5105614
台北市三民路,0.62,25.0570964,121.5636183
台北市三民路101巷B,0.89,25.0573398,121.5625947
台北市三民路102巷,0.64,25.0574738,121.5642266
台北市三民路113巷,1,25.0579684,121.5626474
台北市三民路136巷,0.83,25.0605944,121.5641301
台北市三民路155巷B,0.53,25.0613183,121.562274
台北市三民路166巷,0.37,25.0619525,121.5637785
台北市三民路167巷,0.3,25.0617169,121.5621912
台北市三民路180巷,0.59,25.0624771,121.5645934
台北市三民路35巷,1,25.0555113,121.5631763
台北市三民路62巷,0,25.0546226,121.5645673
台北市三民路68巷,0.94,25.0552024,121.5646603
台北市三重路,1,25.0589914,121.6141958
台北市三福街,0.75,24.9974456,121.5427602
台北市三福街4巷,0.57,24.9960719,121.5419916
台北市士東路,0.83,25.1127502,121.5332571
台北市士東路200巷,0.89,25.1112799,121.5338442
台北市士東路286巷,0.94,25.1124217,121.5374437
台北市士東路91巷,0.94,25.113176,121.5295148
台北市士東路91巷26弄,1,25.112865,121.5302255
台北市士東路A,0.92,25.1127502,121.5332571
台北市士商路A,0.45,25.0929531,121.5182266
台北市士商路B,0.89,25.0929531,121.5182266
台北市大安路一段,0.96,25.0391667,121.5460698
台北市大安路二段,0.98,25.0309894,121.5460728
台北市大東路,1,25.0900093,121.5255087
台北市大直街,1,25.082703,121.5463673
台北市大直街62巷,0.93,25.0828752,121.5453104
台北市大理街,1,25.034375,121.4987555
台北市大理街160巷,1,25.0328796,121.4939493
台北市大理街160巷23弄,0,25.0322495,121.4930855
台北市大理街160巷26弄,0.12,25.0319064,121.4941583
台北市大理街175巷,0.75,25.034405,121.4952567
台北市大湖山莊街,0.45,25.0864192,121.601561
台北市大道路,0.72,25.0405967,121.5825862
台北市大道路96巷,1,25.0396419,121.5820931
台北市大龍街,0.88,25.0679833,121.515897
台北市大龍街159巷18弄,0.75,25.0677077,121.5166162
台北市大龍街85巷,0,25.0664234,121.5165816
台北市大龍街91巷,0.7,25.0673045,121.5165933
台北市小北街,0.9,25.0905691,121.5255844
台北市中山北路2段137巷,0.67,25.0617034,121.5243704
台北市中山北路2段27巷,0.5,25.0531705,121.524202
台北市中山北路3段36巷14弄,1,25.0650783,121.5216063
台北市中山北路5段6段,0.8,25.1025289,121.5254576
台北市中山北路7段140巷,0,25.1230464,121.532683
台北市中山北路7段141巷,0.32,25.1242154,121.5301738
台北市中山北路7段14巷,0.73,25.1198067,121.5332956
台北市中山北路7段190巷26弄,0.2,25.1252512,121.5352366
台北市中山北路7段191巷,0.32,25.1255127,121.5316476
台北市中山北路7段219巷,0.4,25.1320758,121.5327399
台北市中山北路7段227巷,0.27,25.127743,121.5328946
台北市中山北路7段232巷,0.34,25.1268162,121.5342531
台北市中山北路7段A,0.42,25.1230493,121.5320811
台北市中山北路一段53巷,0.2,25.0489616,121.5232386
台北市中山北路七段,0.98,25.1230493,121.5320811
台北市中山北路二段39巷,0.57,25.0539513,121.5241555
台北市中山北路二段59巷29弄,0,25.0554563,121.5249582
台北市中山北路二段77巷,0.96,25.0574859,121.5243294
台北市中山北路三段,1,25.0692116,121.5231829
台北市中山北路五段A,0.5,25.091627,121.5275544
台北市中山北路五段B,0.83,25.091627,121.5275544
台北市中山北路六段,0.81,25.1106398,121.5256113
台北市中山北路六段2巷,1,25.1033322,121.5273638
台北市中山北路六段405巷,0.85,25.1154154,121.5266456
台北市中坡北路,1,25.0472818,121.5807107
台北市中坡南路,0.73,25.0422056,121.5843871
台北市中坡南路201巷,0.53,25.0416353,121.5858117
台北市中坡南路49巷,1,25.0430445,121.5841334
台北市中原街,1,25.0598148,121.5289285
台北市中華路一段81巷,1,25.0385252,121.5081183
台北市中華路一段85巷,0,25.0382686,121.5079126
台北市中華路二段300巷13弄,0.58,25.0294858,121.5036053
台北市中華路二段315巷,0.67,25.0282894,121.5067508
台北市中華路二段364巷17弄,0.66,25.0284601,121.5042747
台北市中華路二段39巷,1,25.034981,121.5069844
台北市中華路二段416巷,0.84,25.0269515,121.5037329
台北市中華路二段443巷,0.64,25.0252804,121.5100842
台北市中華路二段484巷,1,25.026363,121.5067476
台北市中華路二段75巷,0.92,25.0336055,121.5068715
台北市丹陽街,0.92,25.0392168,121.5245386
台北市五分街,0,25.0674352,121.6143103
台北市五原路,1,25.0565387,121.517549
台北市五常街,0.92,25.0642971,121.541545
台北市五常街53巷,0.57,25.0662106,121.5396509
台北市仁愛路3段24巷,0.92,25.0357279,121.5359589
台北市仁愛路4段151巷,1,25.0396455,121.5517991
台北市仁愛路4段408巷,0.8,25.0369297,121.5568981
台北市仁愛路4段512巷,0,25.0366086,121.5609626
台北市仁愛路一段,0.52,25.0387565,121.5215936
台北市仁愛路二段,0.76,25.038317,121.529055
台北市仁愛路三段123巷13弄,0.82,25.0398176,121.5430347
台北市仁愛路三段A,0.85,25.0384018,121.5388404
台北市仁愛路三段B,0.92,25.0384018,121.5388404
台北市仁愛路四段222巷,0.89,25.0370575,121.5522172
台北市仁愛路四段452巷,0.67,25.0368259,121.5592082
台北市仁愛路四段A,1,25.0378512,121.550819
台北市仁愛路四段B,1,25.0379208,121.5535878
台北市內江街,0.84,25.0415677,121.5035245
台北市內湖路1段203巷,0.71,25.0840457,121.5635168
台北市內湖路1段217巷,1,25.0836952,121.564253
台北市內湖路1段285巷,0.85,25.0842133,121.5669326
台北市內湖路1段285巷65弄,0.65,25.0845017,121.5680231
台北市內湖路1段387巷,0.79,25.0831028,121.5705126
台北市內湖路1段411巷,0.67,25.0837266,121.5717969
台北市內湖路1段411巷19弄,0.71,25.0824888,121.5718497
台北市內湖路1段411巷74弄,0.35,25.0841425,121.5713002
台北市內湖路1段47巷,0.6,25.0869649,121.5587429
台北市內湖路1段47巷22弄,0.42,25.0881699,121.5592657
台北市內湖路1段47巷6弄,0.56,25.0869052,121.559627
台北市內湖路1段629巷,0.49,25.081514,121.5755294
台北市內湖路1段629巷40弄,1,25.0817651,121.5745797
台北市內湖路1段667巷,0.83,25.080507,121.5760766
台北市內湖路1段737巷,0.46,25.081533,121.579196
台北市內湖路1段91巷,0.82,25.0882537,121.5626339
台北市內湖路1段91巷38弄,0.81,25.0856126,121.563129
台北市內湖路1段91巷39弄,0.29,25.088193,121.5617188
台北市內湖路2段,0.53,25.0810743,121.5863205
台北市內湖路2段103巷B,0.63,25.0822026,121.5811362
台北市內湖路2段179巷,0.41,25.0842638,121.5852896
台北市內湖路2段263巷9弄,1,25.0832555,121.5910394
台北市內湖路3段,0,25.0904738,121.5818993
台北市內湖路3段59巷,0.62,25.085787,121.5919426
台北市內湖路3段60巷,0.79,25.0870727,121.5922493
台北市內湖路3段72巷,0.32,25.087635,121.5912406
台北市內湖路一段120巷及15弄,0.91,25.0821179,121.562486
台北市內湖路一段288巷,0,25.0816205,121.5683589
台北市內湖路一段32巷,0.46,25.0842076,121.5594567
台北市內湖路一段518巷,0.91,25.0796906,121.5737924
台北市內湖路一段737巷51弄,0.5,25.0802948,121.5798237
台北市內湖路二段,1,25.0810743,121.5863205
台北市內湖路二段103巷A,0.7,25.0822026,121.5811362
台北市天水路,0.77,25.0529372,121.5131919
台北市天母北路,0.76,25.1211321,121.5266742
台北市天母北路87巷,0.4,25.1224857,121.5274722
台北市天母北路87巷9弄,0.36,25.1222066,121.5276014
台北市天母西路,1,25.1184616,121.5259667
台北市天母西路130巷,1,25.1189284,121.5223106
台北市天母西路38巷,0.87,25.1182189,121.5260845
台北市天母東路,1,25.1181401,121.534585
台北市天母東路,0.4,25.1181401,121.534585
台北市天母東路107巷,1,25.119323,121.537761
台北市天母東路69巷,0.78,25.1197481,121.5336136
台北市天玉街,0.62,25.121232,121.5291765
台北市天玉街16巷,1,25.1207067,121.5282813
台北市天玉街27巷,0.6,25.1217644,121.5281361
台北市天玉街38巷,1,25.1201168,121.5292945
台北市天玉街39巷,0.88,25.1217621,121.5293194
台北市天津街A,0.39,25.0486224,121.5225688
台北市天津街B,0.91,25.0486224,121.5225688
台北市天津街C,1,25.0486224,121.5225688
台北市天祥路,0.88,25.0623259,121.5209561
台北市太原路,1,25.0531821,121.5159893
台北市太原路A,0.45,25.0531821,121.5159893
台北市文昌路,1,25.0977855,121.5205909
台北市文林路B,0.81,25.0950624,121.5246169
台北市文湖街,0.76,25.0867185,121.5627108
台北市文湖街11巷,1,25.085742,121.5594542
台北市文湖街21巷,0.88,25.0889922,121.5601118
台北市文湖街21巷68弄,0.75,25.0884468,121.5605222
台北市文湖街60巷,0.59,25.085506,121.5637878
台北市文湖街81巷,0.67,25.0870283,121.5640731
台北市文德路,1,25.0785524,121.5842077
台北市文德路208巷,0.78,25.0767612,121.5835971
台北市文德路220巷,0.83,25.0779585,121.5880708
台北市文德路22巷9弄,1,25.0770138,121.5793536
台北市木柵路一段,0.25,24.9874603,121.5501648
台北市木柵路二段,0.19,24.9887484,121.5608945
台北市木新路2段,0.19,24.9837842,121.5682587
台北市木新路三段45巷7弄,0,24.9821379,121.5649026
台北市水源路35巷,0.21,25.0185933,121.5241801
台北市水源路A,0.58,25.0233678,121.510434
台北市水源路B,1,25.0233678,121.510434
台北市仙岩路,0.16,24.9995871,121.5495502
台北市北平東路,0.86,25.0462021,121.5244835
台北市北安路,1,25.0796156,121.5420685
台北市北安路458巷,0.33,25.0786137,121.5445725
台北市北安路458巷41弄,0.81,25.0789505,121.5461125
台北市北安路458巷47弄,0.35,25.0783986,121.5462729
台北市北安路458巷47弄B,0.59,25.0783986,121.5462729
台北市北安路501巷,0.77,25.0796156,121.5420685
台北市北安路554巷,0.5,25.0800181,121.549212
台北市北安路578巷8弄,1,25.0805688,121.5491815
台北市北安路588巷,1,25.0810672,121.5503164
台北市北安路588巷23弄,0.78,25.0815233,121.5507883
台北市北安路588巷30弄,0.92,25.0805422,121.5503096
台北市北安路608巷14弄,0.93,25.0814951,121.5503095
台北市北安路608巷5弄,1,25.0823576,121.549476
台北市北安路630巷,0,25.0827467,121.550013
台北市北安路630巷25弄,0.33,25.083261,121.5503256
台北市北安路630巷9弄,1,25.0834299,121.5497345
台北市北安路770巷,0.43,25.0846195,121.5532793
台北市北安路805巷,0.33,25.0861313,121.5555305
台北市北安路821巷,0.2,25.0851924,121.556377
台北市北安路821巷2弄,0,25.0853797,121.555738
台北市北安路821巷4弄,0.5,25.0855928,121.5562283
台北市北寧路,1,25.0498695,121.5526725
台北市北寧路56巷,1,25.0498582,121.5529938
台北市四平街,0.82,25.0536388,121.5333857
台北市四維路,0.92,25.0309636,121.5479906
台北市四維路154巷,0.78,25.0309711,121.5474756
台北市四維路170巷,1,25.0282013,121.5472687
台北市四維路198巷,0.95,25.0267043,121.5473227
台北市四維路52巷,0.68,25.0350711,121.5471911
台北市四維路76巷,0.72,25.0342329,121.5472055
台北市四維路A,0.5,25.0309636,121.5479906
台北市市民大道七段A,1,25.050719,121.590184
台北市市民大道五段,1,25.0472331,121.5630308
台北市平陽街,0.42,25.0551611,121.5165423
台北市民生西路,0.65,25.0570321,121.5155208
台北市民生西路423巷,0,25.0572481,121.5087846
台北市民生西路A,0.91,25.0570321,121.5155208
台北市民生東路3段113巷,0,25.0589566,121.5461632
台北市民生東路3段113巷25弄,0,25.0591248,121.5472575
台北市民生東路3段127巷,0,25.0584527,121.5474647
台北市民生東路4段55巷,1,25.0586006,121.5505239
台北市民生東路4段75巷,1,25.0584926,121.5512564
台北市民生東路4段75巷5弄,1,25.0588865,121.5508781
台北市民生東路4段97巷7弄,1,25.0589518,121.55162
台北市民生東路5段137巷6弄,0.88,25.0603615,121.5623289
台北市民生東路5段137巷B,1,25.0597839,121.561472
台北市民生東路5段260巷,0.2,25.0581289,121.567262
台北市民生東路5段36巷4弄,1,25.0578543,121.5590111
台北市民生東路5段36巷8弄,0.72,25.0571837,121.5589547
台北市民生東路5段69巷21弄,1,25.0596768,121.5575844
台北市民生東路5段69巷2弄,0.76,25.0593323,121.5598011
台北市民生東路5段69巷4弄,0.71,25.0599807,121.5592603
台北市民生東路一段,0.83,25.0580558,121.5252581
台北市民生東路二段,1,25.0579434,121.5325398
台北市民生東路二段A,0.47,25.0579434,121.5325398
台北市民生東路二段B,0.88,25.0579434,121.5325398
台北市民生東路三段,1,25.0577102,121.543266
台北市民生東路三段107巷,0,25.0584972,121.5448508
台北市民生東路五段,1,25.058935,121.5623837
台北市民生東路五段27巷,0.74,25.0594947,121.5567212
台北市民生東路五段27巷9弄,0.69,25.0599479,121.555843
台北市民生東路五段36巷,1,25.0573909,121.5570922
台北市民生東路五段69巷,0.74,25.0595564,121.5581865
台北市民生東路四段131巷,1,25.059022,121.5537679
台北市民生東路四段80巷,0,25.0572197,121.5530257
台北市民生東路四段97巷,1,25.0589209,121.5520378
台北市民和街,0.67,25.025483,121.4977661
台北市民族西路,0.58,25.0685856,121.5158928
台北市民族西路225巷,0.8,25.0694883,121.5122647
台北市民族西路252巷,1,25.0679301,121.5122486
台北市民族西路303巷,0.78,25.0701604,121.5104945
台北市民族西路31巷,0,25.069102,121.5196282
台北市民族西路32巷,0.83,25.0672867,121.5193679
台北市民族西路76巷12弄,0.5,25.0676965,121.5171314
台北市民族西路76巷2弄,1,25.0680596,121.5173019
台北市民族東路,0.19,25.0681389,121.5363129
台北市民族東路410巷2弄,1,25.0668501,121.5374028
台北市民族東路A,0.11,25.0643982,121.5464689
台北市民族東路B,0,25.0681389,121.5363129
台北市民族東路C,0.58,25.0681389,121.5363129
台北市民族東路D,0.05,25.0681389,121.5363129
台北市民善街,0.73,25.0613095,121.5752575
台北市民樂街A,0,25.0572297,121.5106124
台北市民樂街B,0.93,25.0572297,121.5106124
台北市民權西路,1,25.0630601,121.5158278
台北市民權西路102巷,0.96,25.0615791,121.5176956
台北市民權西路144巷19弄,1,25.0620233,121.5162535
台北市民權東路3段103巷,1,25.0632349,121.5451466
台北市民權東路3段103巷5弄,0.82,25.0628173,121.5464779
台北市民權東路3段106巷,0,25.0604568,121.5448915
台北市民權東路3段106巷15弄,0,25.0599588,121.5457224
台北市民權東路3段106巷21弄,0,25.0594676,121.5457079
台北市民權東路3段106巷3弄,0,25.0614356,121.5474433
台北市民權東路3段160巷,0,25.0607256,121.5476702
台北市民權東路3段184巷,0,25.0610928,121.5496303
台北市民權東路3段191巷,0.8,25.063704,121.5467714
台北市民權東路3段191巷31弄,1,25.0633276,121.5472474
台北市民權東路3段60巷,1,25.0612393,121.5424023
台北市民權東路6段115巷,1,25.0695375,121.5918311
台北市民權東路6段123巷,1,25.0696933,121.5928623
台北市民權東路6段123巷20弄,1,25.0697053,121.5924089
台北市民權東路6段123巷34弄,1,25.0703962,121.5922643
台北市民權東路6段136巷,1,25.0676735,121.5877712
台北市民權東路6段163巷,0.21,25.0692128,121.5960474
台北市民權東路6段163巷19弄,0.5,25.0688317,121.5964964
台北市民權東路6段175巷,0.15,25.0687987,121.5970344
台北市民權東路6段180巷,0.15,25.0672081,121.5926904
台北市民權東路6段180巷21巷,0.85,25.0676421,121.5926872
台北市民權東路6段180巷41弄,0.73,25.0672326,121.5934641
台北市民權東路6段180巷42弄,0.27,25.0674657,121.5921075
台北市民權東路6段180巷61弄,0.62,25.0666435,121.5934745
台北市民權東路6段180巷70弄,0.8,25.066729,121.5916754
台北市民權東路6段180巷77弄,0.2,25.0660048,121.5936293
台北市民權東路6段190巷,0.39,25.066658,121.594333
台北市民權東路6段190巷35弄,0.18,25.0667273,121.5950436
台北市民權東路6段190巷65弄,0.06,25.0667273,121.5950436
台北市民權東路6段191巷,0.11,25.0700113,121.5992019
台北市民權東路6段191巷20弄,0.33,25.0683968,121.5974678
台北市民權東路6段191巷38弄,0.38,25.0689101,121.5978393
台北市民權東路6段191巷62弄,0.06,25.0695774,121.5978448
台北市民權東路6段206巷,0.03,25.0662102,121.5956718
台北市民權東路6段210巷21弄,0.25,25.0681067,121.5936376
台北市民權東路6段210巷47弄,0.24,25.0701844,121.5874557
台北市民權東路6段218巷,0.73,25.0669458,121.5982152
台北市民權東路6段21巷,0.8,25.0690003,121.5811822
台北市民權東路6段220巷,0,25.0690834,121.5892012
台北市民權東路6段232巷,0.75,25.0665391,121.6004528
台北市民權東路6段240巷,0.38,25.066605,121.6010907
台北市民權東路6段248巷,0.3,25.0673164,121.6017317
台北市民權東路6段280巷25弄,0.22,25.0702325,121.6051844
台北市民權東路6段280巷25弄,1,25.0702325,121.6051844
台北市民權東路6段280巷45弄,0.08,25.0698803,121.6056478
台北市民權東路6段296巷,1,25.0707625,121.608102
台北市民權東路6段56巷,1,25.067552,121.5853042
台北市民權東路二段A,1,25.0625939,121.5325669
台北市民權東路二段B,0.75,25.0625939,121.5325669
台北市民權東路二段C,1,25.0625939,121.5325669
台北市民權東路三段,0.84,25.062385,121.5439535
台北市民權東路三段39巷,0.97,25.0642907,121.5425583
台北市民權東路三段A,0.38,25.062385,121.5439535
台北市民權東路五段,0.32,25.0631778,121.5659147
台北市民權東路六段,0.1,25.0690834,121.5892012
台北市民權東路六段,0.51,25.0690834,121.5892012
台北市民權東路六段15巷,0.86,25.0683293,121.5786685
台北市民權東路六段19巷,0.26,25.0688547,121.5794056
台北市民權東路六段245巷,0,25.0677441,121.60072
台北市民權東路四段A,0.18,25.0620582,121.5557649
台北市民權東路四段B,0.07,25.0620582,121.5557649
台北市永吉路120巷,0.92,25.043672,121.5702299
台北市永吉路127巷,0.67,25.0469905,121.5703808
台北市永吉路225巷52弄,1,25.0473635,121.5740445
台北市永吉路278巷57弄,0.5,25.043395,121.5748488
台北市永吉路30巷101弄,0.62,25.0435354,121.5696134
台北市永吉路30巷148弄,0,25.0428731,121.5677246
台北市永吉路321巷,0.5,25.0462041,121.5755115
台北市永吉路A,1,25.0455687,121.5747841
台北市永吉路B,0.76,25.0455687,121.5747841
台北市永興路一、二段,0.1,25.1404664,121.5021793
台北市汀州路一段A,0.62,25.0293416,121.5082301
台北市汀州路一段B,0.59,25.0293416,121.5082301
台北市汀州路二段Y00,0.56,25.024804,121.5200177
台北市汀州路二段Z00,0.83,25.024804,121.5200177
台北市汀州路三段,1,25.0161185,121.5307097
台北市汀州路三段104巷,1,25.0130079,121.5337687
台北市汀州路四段,0.66,25.0071162,121.5368632
台北市汀州路四段23巷,1,25.0091026,121.5372505
台北市汀洲路2段178巷,0.86,25.0233549,121.5219367
台北市汀洲路二段,0.33,25.024804,121.5200177
台北市玉成街,1,25.0462461,121.5829051
台北市玉成街190巷,1,25.0433425,121.5847416
台北市玉成街201巷8弄,1,25.0442983,121.5860185
台北市玉成街A,0.44,25.0462461,121.5829051
台北市玉門街,0.62,25.0717238,121.5204263
台北市甘州街,0.62,25.0594212,121.5127942
台北市立功路,0.97,25.125446,121.4713393
台北市立德路,1,25.1260123,121.4717368
台北市伊通街A,1,25.0514006,121.534785
台北市伊通街B,1,25.0514006,121.534785
台北市伊通街C,1,25.0514006,121.534785
台北市光復北路,0.6,25.0550396,121.5558158
台北市光復北路11巷,0.94,25.0499669,121.5601646
台北市光復北路155巷,0.5,25.0554717,121.5564565
台北市光復北路165巷,0.87,25.0572438,121.5554256
台北市光復北路177巷,0.8,25.0579682,121.556171
台北市光復北路190巷,0.78,25.0545536,121.5542986
台北市光復北路230巷,0.94,25.0562281,121.5541665
台北市光復北路26巷,1,25.0489666,121.5572801
台北市光復南路17巷,0,25.0473556,121.559226
台北市光復南路180巷,0.71,25.0423751,121.556241
台北市光復南路22巷,0.56,25.0469574,121.5558042
台北市光復南路32巷,0.47,25.0464643,121.5558791
台北市光復南路33巷,0,25.0467958,121.5587086
台北市光復南路456巷,0.67,25.0353967,121.5567857
台北市光復南路46巷,0.94,25.0459551,121.5559464
台北市光復南路57巷,1,25.0458294,121.5586158
台北市光復南路6巷,0,25.0475575,121.5570292
台北市光復南路72巷23弄,0.6,25.0443457,121.5556135
台北市光復南路72巷7弄,0.89,25.0443244,121.5570989
台北市光復南路96巷,0.9,25.0439758,121.5561503
台北市光復南路A,1,25.037495,121.5575096
台北市光復南路B,0.67,25.0389439,121.5575437
台北市光輝路,0,24.9851087,121.5572316
台北市合江街,1,25.0585487,121.5391988
台北市合江街170巷,1,25.0607236,121.5385428
台北市吉林路26巷,1,25.0514542,121.5289645
台北市吉林路A,0.96,25.0573101,121.5301895
台北市吉林路B,0.7,25.0573101,121.5301895
台北市吉林路C,1,25.0573101,121.5301895
台北市吉林路D,0.58,25.0573101,121.5301895
台北市吉祥路,1,25.0500693,121.5625462
台北市同安街101巷,0.5,25.0215257,121.5209825
台北市同德路,0.94,25.0458378,121.5853694
台北市同德路85巷,1,25.0462812,121.5856922
台北市向陽路,0.5,25.0545379,121.5941467
台北市向陽路162巷,0.56,25.0563448,121.5962847
台北市安西街,1,25.0606603,121.5099011
台北市安和路2段171巷,0.71,25.0280145,121.5498822
台北市安和路一段A,0.89,25.0371693,121.5515915
台北市安和路一段B,1,25.0371693,121.5515915
台北市安和路二段,0.88,25.0293407,121.5512539
台北市安和路二段74巷,1,25.0302281,121.5515249
台北市安居街,1,25.0197551,121.5535521
台北市安東街,0.67,25.044397,121.542485
台北市安東街16巷,0.48,25.0452938,121.5408605
台北市安東街40巷,0.83,25.0441183,121.5409852
台北市安泰街38巷,0.73,25.0734478,121.6174992
台北市成功路1段36巷,0.77,25.0565159,121.5918462
台北市成功路2段,0.63,25.0689959,121.5914174
台北市成功路2段250巷23弄,1,25.066611,121.5897293
台北市成功路2段273巷,1,25.0685864,121.5911894
台北市成功路2段317巷,0.64,25.0699686,121.5913842
台北市成功路2段317巷50弄,0.67,25.0701885,121.5915963
台北市成功路2段320巷,0.7,25.0676087,121.5891788
台北市成功路2段320巷31弄,1,25.068224,121.5891904
台北市成功路2段323巷,0.92,25.0704314,121.5909636
台北市成功路2段426巷,0.6,25.0708436,121.5888701
台北市成功路3段,0.35,25.0784747,121.5897126
台北市成功路4段167巷,0.83,25.0827394,121.5951775
台北市成功路4段182巷6弄,1,25.083421,121.5930919
台北市成功路4段61巷,1,25.0808817,121.5932665
台北市成功路4段61巷32弄,0.57,25.0811404,121.5942151
台北市成功路4段61巷8弄,1,25.0818309,121.5930512
台北市成功路5段420巷,0.93,25.0752651,121.6085467
台北市成功路5段420巷23弄,0.74,25.0732111,121.6085553
台北市成功路5段450巷,0.5,25.074332,121.6076564
台北市成功路5段450巷21弄,0.59,25.0735231,121.6074876
台北市成功路5段450巷22弄,0.82,25.075081,121.6078761
台北市成功路二段193巷,0.67,25.0665117,121.5913023
台北市成功路三段,0.4,25.0784747,121.5897126
台北市成功路五段,0.42,25.0789255,121.6070972
台北市成功路四段,0.7,25.0840481,121.5952207
台北市成都路A,0.62,25.04313,121.5044273
台北市成都路B,0.09,25.04313,121.5044273
台北市成福路,0.43,25.0408418,121.5884439
台北市成福路178巷,1,25.0416107,121.5867479
台北市成福路211巷,0.21,25.0408418,121.5884439
台北市成福路269巷,0.25,25.0374493,121.5918391
台北市朱崙街,0.9,25.049997,121.5404454
台北市江南街65巷,0.82,25.0770602,121.5784657
台北市江南街71巷65弄,1,25.0760925,121.5787734
台北市至誠公園,0,25.1013225,121.5363991
台北市至誠路一段,0,25.101727,121.5325304
台北市至誠路二段,0,25.1016704,121.5285808
台北市行忠路,0.65,25.0665373,121.5802662
台北市行忠路28巷,1,25.0648653,121.5777356
台北市行忠路66巷,1,25.0658583,121.5805245
台北市行忠路72巷,0.71,25.0665453,121.5815976
台北市行善路,1,25.0595436,121.5811232
台北市行善路111巷,0.92,25.0577398,121.5799587
台北市行善路168巷,1,25.0588128,121.5785587
台北市行善路417巷,0.83,25.0646047,121.586886
台北市行善路48巷,0.9,25.0574702,121.5751999
台北市行善路59巷20弄,0.92,25.0577047,121.5792278
台北市行善路59巷40弄,0.92,25.0572028,121.579549
台北市行愛路,0.86,25.06377,121.5803775
台北市行愛路141巷,1,25.0647907,121.5812885
台北市行愛路77巷,0.88,25.0632847,121.5823857
台北市行愛路78巷,1,25.0621923,121.5805702
台北市西昌街,0.59,25.0397495,121.5006618
台北市西園路2段261巷20弄,0,25.0247702,121.4928638
台北市西園路2段320巷55弄,0.5,25.02788,121.4915233
台北市西園路2段320巷73弄,1,25.0278263,121.491052
台北市西園路2段372巷,0.57,25.0263051,121.4904868
台北市西園路一段,0.74,25.0367527,121.4993738
台北市西園路二段,0.95,25.02803,121.4949842
台北市西寧北路(大車),0.95,25.0568088,121.5088075
台北市西寧北路Y00,0.73,25.0527032,121.5086044
台北市西寧南路A,1,25.0432344,121.5060751
台北市西寧南路B,0.9,25.0432344,121.5060751
台北市西藏路125巷,0.84,25.0273195,121.5029114
台北市西藏路199巷,0.78,25.0278208,121.4998255
台北市西藏路A,-99,25.0293385,121.4980675
台北市西藏路B,0.89,25.0293385,121.4980675
台北市西藏路C,0.86,25.0293385,121.4980675
台北市克強路,0.68,25.1089066,121.5238334
台北市吳興街,0.38,25.026337,121.5646759
台北市吳興街220巷,0.65,25.0264274,121.5615266
台北市吳興街284巷30弄,0.75,25.0228667,121.5626862
台北市吳興街394巷,0.83,25.0244748,121.56629
台北市吳興街600巷83弄,0.14,25.0185995,121.5712728
台北市吳興街B,0.75,25.026337,121.5646759
台北市秀明路1段,0.43,24.9908224,121.5668956
台北市秀明路2段,0,24.9904866,121.5768372
台北市育英街,0,24.9912256,121.5385736
台北市辛亥路1段34巷,1,25.019771,121.5300882
台北市辛亥路1段77巷,1,25.0206895,121.5307601
台北市辛亥路7段,0.06,24.9837411,121.5541616
台北市辛亥路一段,0.78,25.0206895,121.5307601
台北市辛亥路二段A,0.32,25.0229081,121.537914
台北市辛亥路二段B,0.82,25.0229081,121.537914
台北市辛亥路三段157巷,0.62,25.01797,121.5498878
台北市辛亥橋下,0,25.0224124,121.5336718
台北市和平西路一段,1,25.0266197,121.5184934
台北市和平西路二段,0.82,25.0304487,121.5094397
台北市和平西路二段104巷,0.25,25.0307499,121.5079987
台北市和平西路三段,0.82,25.0352602,121.4973745
台北市和平東路1段104巷,0,25.0263762,121.5249232
台北市和平東路1段141巷,0.95,25.0273623,121.5304688
台北市和平東路2段107巷,1,25.0262869,121.5404386
台北市和平東路2段175巷,0.45,25.02632,121.5417734
台北市和平東路2段18巷B,0.91,25.0242498,121.5359124
台北市和平東路2段311巷43弄,1,25.0256077,121.5461146
台北市和平東路3段308巷,0.67,25.0195575,121.5555032
台北市和平東路3段308巷15弄,1,25.0193566,121.5562094
台北市和平東路3段308巷31弄,0.82,25.0195295,121.5558925
台北市和平東路3段341巷,0,25.021265,121.5575258
台北市和平東路3段391巷,0.64,25.0203397,121.5585357
台北市和平東路3段391巷20弄,0.75,25.0210234,121.5589051
台北市和平東路3段406巷,0,25.0184251,121.5578475
台北市和平東路3段435巷7弄,1,25.0190818,121.5590325
台北市和平東路3段463巷,0.65,25.0187819,121.5593232
台北市和平東路一段,0.43,25.0266246,121.5286394
台北市和平東路二段76巷,0.93,25.0238586,121.5393786
台北市和平東路二段90巷,1,25.024742,121.539673
台北市和平東路二段96巷,0.81,25.0231467,121.5410197
台北市和平東路三段228巷,1,25.0211718,121.5538501
台北市和平東路三段A,1,25.0184845,121.5583506
台北市延平北路3段18巷,0.67,25.0639416,121.5100034
台北市延平北路3段99巷3弄,0,25.0675737,121.5118813
台北市延平北路4至5段1巷,0.07,25.086047,121.509669
台北市延平北路4段111巷,1,25.0713618,121.5112222
台北市延平北路4段294巷,0.37,25.0773605,121.5107471
台北市延平北路6段,0.89,25.0901391,121.5020092
台北市延平北路6段258巷,0.71,25.0907902,121.503567
台北市延平北路四段,0.63,25.0728348,121.5112136
台北市延平南路121巷,1,25.0396426,121.5095294
台北市延平南路230巷,0.67,25.0340887,121.5069406
台北市延平南路A,0.92,25.0396925,121.5088915
台北市延平南路B,0.97,25.0396925,121.5088915
台北市延吉街,0.93,25.0405056,121.5547197
台北市延吉街242巷,0.83,25.0357803,121.5554542
台北市延壽街18巷,0.67,25.0559587,121.5688304
台北市延壽街314巷,0.3,25.0563642,121.5619608
台北市延壽街330巷,1,25.0552908,121.5603638
台北市延壽街330巷16弄,0.75,25.0553044,121.5596894
台北市延壽街330巷20弄,1,25.0544877,121.559765
台北市延壽街330巷7弄,1,25.0553715,121.5614572
台北市延壽街330巷8弄,0.7,25.0558167,121.5597242
台北市延壽街356巷4弄,0.27,25.0557146,121.5586183
台北市延壽街402巷3弄,0.22,25.0556183,121.557773
台北市延壽街72巷,0.71,25.0555365,121.5655039
台北市延壽街A,0.68,25.0568103,121.5627378
台北市延壽街B,0.57,25.0568103,121.5627378
台北市忠孝東路1段70巷,0,25.044441,121.523778
台北市忠孝東路1段84巷,1,25.0439588,121.5240905
台北市忠孝東路3段193巷,0.88,25.0427289,121.5385293
台北市忠孝東路3段217巷3弄,0.72,25.042845,121.5391135
台北市忠孝東路3段217巷5弄,0.54,25.0433504,121.5390632
台北市忠孝東路3段248巷,0,25.0398437,121.5412936
台北市忠孝東路3段248巷7弄,0,25.0410873,121.5419703
台北市忠孝東路3段276巷,0,25.0410786,121.5424519
台北市忠孝東路4段181巷40弄,1,25.0439865,121.5502356
台北市忠孝東路4段216巷11弄,1,25.0407744,121.5535229
台北市忠孝東路4段216巷27弄,1,25.0398385,121.5536851
台北市忠孝東路4段216巷33弄,1,25.0393945,121.5535109
台北市忠孝東路4段248巷,0.5,25.0405302,121.5540895
台北市忠孝東路4段26巷,0.75,25.0397234,121.5444189
台北市忠孝東路5段236巷3弄,0.91,25.0403773,121.5729301
台北市忠孝東路5段423巷5弄,0,25.0417884,121.5747615
台北市忠孝東路5段743巷21弄,0.5,25.0438342,121.5804352
台北市忠孝東路5段743巷31弄,1,25.0442342,121.5805779
台北市忠孝東路6段,0.9,25.0491203,121.5886466
台北市忠孝東路6段212巷3弄,1,25.0480671,121.5878192
台北市忠孝東路6段212巷4弄,1,25.0479398,121.5872845
台北市忠孝東路6段278巷,1,25.0487119,121.5893939
台北市忠孝東路二段134巷,0.88,25.0413474,121.5315132
台北市忠孝東路三段251巷,0.82,25.0428161,121.5416531
台北市忠孝東路五段,1,25.0409736,121.5735432
台北市忠孝東路五段236巷27弄,0.92,25.0384954,121.5728763
台北市忠孝東路五段236巷45弄,1,25.037578,121.5727481
台北市忠孝東路五段236巷57弄,0.83,25.0370649,121.5727495
台北市忠孝東路五段372巷28弄,0.83,25.0389459,121.572904
台北市忠孝東路四段49巷,0.75,25.042632,121.5452849
台北市忠順街2段,0,24.9849311,121.5645011
台北市忠義街,0.89,25.1062252,121.5319667
台北市忠義街71巷,0.94,25.1057574,121.5326595
台北市忠義街71巷13弄,0,25.1059645,121.5326256
台北市忠義街78巷,0.75,25.1064726,121.5313269
台北市忠義街91巷,0,25.1062275,121.5328767
台北市忠誠路1段100巷,1,25.1055035,121.5281867
台北市忠誠路1段171巷10弄,0.8,25.1066256,121.5305153
台北市忠誠路1段173巷,1,25.1082067,121.5316888
台北市忠誠路一段,0.84,25.1053887,121.5285987
台北市忠誠路二段,0.65,25.1140402,121.5323359
台北市承德路3段122巷,0,25.0672912,121.5179864
台北市承德路3段28巷,0,25.0643267,121.5179702
台北市承德路4段1巷,0.5,25.0783932,121.5217282
台北市承德路4段2巷,0.38,25.0794839,121.5197847
台北市承德路二段91巷,1,25.0562056,121.5189544
台北市承德路二段A,0.92,25.0580802,121.5182709
台北市承德路二段B,0.67,25.0580802,121.5182709
台北市承德路三段,0.32,25.0707623,121.518518
台北市承德路三段190巷,0,25.0697306,121.5180544
台北市承德路三段198巷,0.5,25.0701467,121.5181587
台北市承德路三段208巷,0.7,25.0704902,121.517492
台北市承德路三段283巷,0.44,25.0726887,121.5198154
台北市承德路三段285巷,0.62,25.0707623,121.518518
台北市承德路四段179巷含機車,1,25.089416,121.51908
台北市承德路四段195巷含機車,1,25.088363,121.522736
台北市承德路四段58巷,0.48,25.0819016,121.5215803
台北市承德路四段77巷,1,25.082045,121.5237947
台北市承德路四段A,0.71,25.0852328,121.5233011
台北市承德路四段B含機車,0.62,25.089416,121.51908
台北市昆明街A,0.86,25.0421876,121.5046589
台北市昆明街C,0.95,25.0421876,121.5046589
台北市昆陽街,0.59,25.0510275,121.5937829
台北市昆陽街140巷42弄,0.42,25.0492366,121.5926017
台北市昆陽街152巷,0.64,25.0491832,121.5934791
台北市昆陽街157巷,0.8,25.0501576,121.5949544
台北市昌吉街,0.43,25.0659355,121.5136785
台北市明水路,0.38,25.0774522,121.5464385
台北市明水路397巷18弄,0.5,25.078666,121.5470402
台北市明水路397巷19弄,0.94,25.0786529,121.5487977
台北市明水路397巷2弄,0.23,25.0780765,121.546884
台北市明水路475巷,0.67,25.0780896,121.5511552
台北市明水路494巷,0.14,25.0785347,121.5527979
台北市明水路557巷,0.75,25.0792621,121.5511924
台北市明水路581巷,0.77,25.0799969,121.5511523
台北市明水路606巷,1,25.0819404,121.5519589
台北市明水路672巷,0.88,25.0835807,121.5517067
台北市明德路,0.75,25.1112709,121.5211552
台北市明德路337巷,0.92,25.1168754,121.5195452
台北市明德路A,0.81,25.1112709,121.5211552
台北市明德路B,0.78,25.1112709,121.5211552
台北市杭州北路,0.19,25.045516,121.5272945
台北市杭州南路1段71巷,0.7,25.0393808,121.5271027
台北市杭州南路2段59巷,0.68,25.0314207,121.5233205
台北市杭州南路一段,0.69,25.0396434,121.5255956
台北市杭州南路二段,0.41,25.0316824,121.5224217
台北市杭州南路二段25巷,0.8,25.0334309,121.5243625
台北市東山路,0.14,25.1146024,121.5391722
台北市東明街,0.3,25.0549223,121.6026449
台北市東明街123巷,1,25.0551799,121.6005023
台北市東湖路113巷,0.74,25.0711444,121.6157933
台北市東湖路113巷49弄,0.8,25.0703937,121.61532
台北市東湖路113巷95弄,0.23,25.0739211,121.6155242
台北市東湖路33巷,0.67,25.0688027,121.6135691
台北市東湖路43巷,0.7,25.0687722,121.6140124
台北市東園街14巷,1,25.0316342,121.4982918
台北市東園街35巷,0.75,25.02718,121.497173
台北市東園街67巷,0.5,25.0266791,121.4972442
台北市東園街73巷,0.8,25.0266721,121.4988704
台北市東新街,0.32,25.0468401,121.5877415
台北市東新街170巷,0.24,25.0431601,121.5927934
台北市東新街63巷,0.71,25.0478277,121.586749
台北市東新街77巷,0.75,25.0475794,121.5895023
台北市東新街77巷4弄,0.67,25.0469688,121.5884286
台北市東新街B,0.94,25.0469688,121.5884286
台北市東興路,0,25.0483604,121.5657666
台北市松山路287巷,0.93,25.0428958,121.579092
台北市松山路287巷3弄,1,25.0435642,121.57839
台北市松仁路,0.57,25.0311805,121.568309
台北市松仁路153巷,1,25.02941,121.5691409
台北市松仁路253巷4弄,1,25.0252927,121.569674
台北市松仁路275巷,1,25.0250579,121.5700256
台北市松仁路A,0.76,25.0311805,121.568309
台北市松平路50巷,0.82,25.0300553,121.5642512
台北市松江路188巷,0,25.0567859,121.5325441
台北市松江路25巷,1,25.0473719,121.5340016
台北市松江路357巷,0.67,25.0634253,121.5342005
台北市松江路469巷,0,25.0660855,121.534579
台北市松江路84巷,0.8,25.0501974,121.5324901
台北市松江路85巷,1,25.0501827,121.5336219
台北市松江路90巷,1,25.050521,121.5314671
台北市松江路90巷6弄,1,25.0497845,121.5320431
台北市松江路A,0.73,25.0593595,121.5330003
台北市松江路B,0,25.0593595,121.5330003
台北市松河街,0.52,25.0568597,121.5908554
台北市松信路,0.81,25.0452502,121.5720874
台北市松勇路,0.71,25.0365659,121.5697473
台北市松勇路53巷,0.75,25.034182,121.5718529
台北市松智路32巷,0.71,25.0300396,121.5647485
台北市松智路32巷8弄,0.92,25.0297118,121.5647399
台北市松隆路A,0.66,25.0469789,121.5724459
台北市松隆路B,1,25.0469789,121.5724459
台北市松勤街140巷,0.67,25.0313558,121.5691025
台北市松德路,1,25.0343749,121.5746235
台北市松德路168巷,1,25.0365273,121.5732428
台北市松德路180巷,1,25.0356485,121.5735352
台北市林口街,1,25.0399835,121.5803122
台北市林口街80巷,0.84,25.0397911,121.5809687
台北市林口街A,1,25.0399835,121.5803122
台北市林口街B,1,25.0399835,121.5803122
台北市林森北路310巷,0.5,25.0562712,121.5245933
台北市林森北路5巷,1,25.045268,121.5238936
台北市林森北路9巷,0.67,25.0456008,121.5245883
台北市林森北路A,1,25.0566487,121.5254942
台北市林森北路B,1,25.0566487,121.5254942
台北市林森北路C,1,25.0566487,121.5254942
台北市林森南路,1,25.0384633,121.5214438
台北市林森南路61巷,0.07,25.0396509,121.5227414
台北市武昌街一段A,0.57,25.04411,121.5115142
台北市社子公園,0.46,25.0911936,121.506184
台北市社子街,0.25,25.087424,121.5067949
台北市社中街,0.55,25.0917608,121.5069005
台北市臥龍街,0.27,25.0186658,121.5540475
台北市臥龍街,0,25.0186658,121.5540475
台北市臥龍街272巷,0,25.0170005,121.5578746
台北市臥龍街31巷,1,25.0232757,121.5472522
台北市芝玉路1段197巷,0,25.1069801,121.5328737
台北市芝玉路1段197巷25弄,0.11,25.1065079,121.5337286
台北市芝玉路1段223巷,0.6,25.1087968,121.5332544
台北市芳蘭路A,0.64,25.0132311,121.5459037
台北市虎林街242巷,0.75,25.035666,121.576496
台北市虎林街50巷,0.75,25.0469239,121.575529
台北市金山南路2段31巷,0.88,25.0328437,121.5280694
台北市金山南路一段,0.9,25.0386494,121.5285219
台北市金山南路二段,0.75,25.0301643,121.5266395
台北市金山南路二段141巷,1,25.0294624,121.5276874
台北市金山南路二段30巷,0.96,25.033151,121.5260772
台北市金湖路,0.25,25.078459,121.5999571
台北市金湖路65巷,0.38,25.0813803,121.5961945
台北市金華街,0,25.0302491,121.5260697
台北市金華街164巷,0.91,25.0290606,121.5305879
台北市金華街183巷,0.89,25.0307938,121.5273011
台北市金華街193巷,0.95,25.0302491,121.5260697
台北市金華街199巷,0.92,25.0310512,121.5282319
台北市金華街199巷3弄,1,25.030623,121.5283985
台北市金華街243巷,0.67,25.0305888,121.5303366
台北市金華街A,0.85,25.0302491,121.5260697
台北市金華街B,0.44,25.0302491,121.5260697
台北市金龍路,0.79,25.085704,121.5905055
台北市金龍路217巷,1,25.0885542,121.5873441
台北市長安西路A,1,25.0514809,121.5144918
台北市長安西路B,0.91,25.0514809,121.5144918
台北市長安東路2段153巷,1,25.0492164,121.539093
台北市長安東路一段,0.8,25.0489386,121.5255248
台北市長安東路一段52巷,0.88,25.0476751,121.5279342
台北市長安東路二段A,0.92,25.0483719,121.5377656
台北市長安東路二段B,0.67,25.0483719,121.5377656
台北市長安東路二段C,1,25.0483719,121.5377656
台北市長沙街一段,0.92,25.0402389,121.5097286
台北市長沙街二段,0.79,25.0404026,121.503613
台北市長春路137巷,1,25.0564348,121.531607
台北市長春路163巷,0.88,25.0554075,121.5336448
台北市長春路258巷,1,25.0539173,121.5390534
台北市長春路A,0.94,25.0547633,121.5362581
台北市長春路B,0.9,25.0547633,121.5362581
台北市長春路C,1,25.0547633,121.5362581
台北市長春路D,0.91,25.0547633,121.5362581
台北市長春路E,1,25.0547633,121.5362581
台北市長春路F,0.96,25.0547633,121.5362581
台北市長春路G,0.88,25.0547633,121.5362581
台北市長順街,0.17,25.0313487,121.4907441
台北市長順街46巷,0.67,25.0313755,121.4891787
台北市長順街60巷,0.44,25.0316366,121.4886832
台北市長興街,0.33,25.0164895,121.5453188
台北市雨農路,0.49,25.0993491,121.5324923
台北市雨農路21巷,1,25.0977791,121.5312799
台北市雨聲街,0.59,25.10458,121.5314259
台北市青田街2巷,1,25.0284602,121.5310391
台北市青年路,0.85,25.0219055,121.5021848
台北市青年路152巷,0.5,25.0204674,121.5015958
台北市青年路168巷49弄,0.67,25.0195658,121.5021327
台北市青年路68巷,1,25.0235527,121.5021304
台北市青島東路,0.9,25.04362,121.5230004
台北市保安街,0.69,25.059196,121.5131528
台北市信安街,0.96,25.0253836,121.5565519
台北市信安街103巷,0.87,25.0235932,121.5589681
台北市信義路2段198巷,0.94,25.031792,121.5308798
台北市信義路2段243巷,0.83,25.0342173,121.5311577
台北市信義路3段111巷,0.75,25.0347916,121.5395079
台北市信義路3段134巷,0.89,25.0311402,121.5394217
台北市信義路3段147巷,0.96,25.0356124,121.5419515
台北市信義路3段147巷15弄,1,25.0350931,121.5430054
台北市信義路3段99巷,1,25.0343861,121.5386417
台北市信義路4段265巷5弄,0.83,25.0338034,121.5548476
台北市信義路6段15巷,1,25.0356238,121.5751663
台北市信義路二段,0.69,25.0339771,121.5284899
台北市信義路二段44巷,0.75,25.033948,121.525633
台北市信義路五段150巷,0.91,25.0238885,121.5718288
台北市信義路五段150巷401弄,0.7,25.0241722,121.5702854
台北市信義路四段186巷,1,25.0323182,121.5515866
台北市信義路四段199巷,0.9,25.0343727,121.5516387
台北市信義路四段265巷,1,25.0344848,121.5548166
台北市前港街,0.78,25.0848803,121.52051
台北市南京西路302巷,0.6,25.053601,121.513571
台北市南京西路344巷,0.67,25.0530711,121.5121474
台北市南京西路A,1,25.0539992,121.5132931
台北市南京西路B,1,25.0539992,121.5132931
台北市南京東路3段303巷7弄,1,25.0528847,121.5461363
台北市南京東路3段89巷5弄,0.67,25.052851,121.5392531
台北市南京東路5段123巷4弄,1,25.0525262,121.5614096
台北市南京東路6段368巷,0.58,25.0593112,121.5865302
台北市南京東路三段338巷,0.96,25.0509485,121.5475272
台北市南京東路五段66巷,1,25.0506009,121.5607925
台北市南京東路五段66巷22弄,0.81,25.0490109,121.5599701
台北市南昌路2段(B),1,25.026135,121.5219111
台北市南昌路一段,1,25.0315622,121.5169543
台北市南昌路二段,0.79,25.026135,121.5219111
台北市南海路A,0.95,25.0312892,121.5120489
台北市南海路B,0.5,25.0312892,121.5120489
台北市南港路3段,0.55,25.0530088,121.5876134
台北市南港路3段109巷,0.07,25.0523882,121.5878633
台北市南港路3段149巷,0.38,25.051649,121.5857932
台北市南港路一段,0.76,25.0550966,121.6140127
台北市南港路一段277巷,1,25.0541509,121.6087199
台北市南港路一段287巷2弄,0.77,25.0540686,121.6082308
台北市南寧路,0.86,25.0363837,121.504737
台北市哈密街,0.33,25.0733339,121.5167505
台北市哈密街,1,25.0733339,121.5167505
台北市哈密街59巷56弄,0,25.075364,121.5148448
台北市建國北路1段124巷,1,25.0506123,121.5358157
台北市建國北路1段138巷,0.8,25.0509827,121.5355826
台北市建國北路1段23巷,1,25.047326,121.5387575
台北市建國北路1段33巷,0.93,25.0477953,121.5385165
台北市建國北路1段78巷,1,25.0493226,121.535374
台北市建國北路1段92巷,1,25.0501571,121.535845
台北市建國北路3段93巷5弄,0.75,25.0663739,121.5366672
台北市建國北路一段,1,25.0489965,121.5365074
台北市建國北路二段,0.95,25.0572323,121.5371373
台北市建國北路二段A,1,25.0572323,121.5371373
台北市建國北路三段,0.81,25.0675599,121.5342641
台北市建國北路三段113巷,0.92,25.0672927,121.5362845
台北市建國南路1段279巷,0.81,25.0361313,121.5389409
台北市建國南路1段304巷,0.67,25.0356997,121.536051
台北市建國南路2段79巷,0.83,25.0308353,121.5387862
台北市建國南路一段B,0.5,25.0396259,121.5381383
台北市建國南路二段151巷,0.89,25.0287344,121.5390079
台北市後港街134巷,0.95,25.0867067,121.5203834
台北市思源街,0.64,25.0134855,121.5302734
台北市恆光街,0,24.981667,121.5673717
台北市指南路2段,0,24.9874844,121.5766531
台北市星雲街,0.62,25.0794429,121.5937232
台北市星雲街123巷,0.4,25.0806183,121.5953117
台北市星雲街138巷,0.5,25.0793185,121.5956648
台北市柳州街,0.67,25.0379917,121.5052124
台北市泉州街5巷,0.9,25.0306998,121.5142484
台北市泉州街6巷,0.95,25.0290442,121.5141858
台北市泉州街9巷,0.33,25.0304994,121.5143888
台北市泉州街B,0.83,25.0280872,121.514605
台北市洛陽街,0.71,25.0474065,121.5081155
台北市洲子街A,1,25.079972,121.571275
台北市牯嶺街84巷,0.96,25.0261024,121.5186686
台北市牯嶺街95巷,0.92,25.0255947,121.5204916
台北市牯嶺街9巷,1,25.0314278,121.5157764
台北市牯嶺街A,1,25.027446,121.5183256
台北市研究院路1段101巷,0.15,25.0526653,121.6183487
台北市研究院路1段151巷,0.39,25.0498566,121.6161761
台北市研究院路3段2巷,0.26,25.0361854,121.616528
台北市研究院路3段86巷,0,25.034667,121.6131215
台北市迪化街2段,0.67,25.0703598,121.5117201
台北市迪化街2段149巷,0.5,25.0672123,121.5106258
台北市迪化街2段172巷,0.67,25.0671651,121.5097194
台北市迪化街2段268巷,0,25.0706182,121.5112187
台北市迪化街2段296巷,0.5,25.0713468,121.5117113
台北市迪化街一段A,0.48,25.0584964,121.5095988
台北市迪化街一段B,0.86,25.0584964,121.5095988
台北市重陽路,0.66,25.0578843,121.6053375
台北市重陽路125巷,0.29,25.0573513,121.5977787
台北市重陽路187巷,0.19,25.0575383,121.598556
台北市重陽路57巷,0.07,25.0572966,121.5960336
台北市重慶北路3段223巷,1,25.070517,121.5149472
台北市重慶北路3段236巷45弄,0.67,25.0713315,121.5122984
台北市重慶北路4段,0.8,25.0817816,121.5129575
台北市重慶北路一段,1,25.0513443,121.5139066
台北市重慶北路三段,0.58,25.0712695,121.5138885
台北市重慶北路三段,0.47,25.0712695,121.5138885
台北市重慶南路2段70巷,0.56,25.030933,121.514311
台北市重慶南路2段86巷2弄,0.67,25.0303976,121.5146731
台北市重慶南路一段126巷,1,25.037152,121.5118121
台北市重慶南路一段136巷,1,25.0363076,121.5117322
台北市重慶南路二段8巷,0.25,25.0334249,121.5121207
台北市峨嵋街A,1,25.0443534,121.5054091
台北市峨嵋街B,1,25.0448849,121.5046581
台北市師大路,1,25.0210188,121.5253311
台北市師大路A,0.55,25.0210188,121.5253311
台北市庫倫街,1,25.0718874,121.5185553
台北市徐州路,0.58,25.0409967,121.5222218
台北市振華街,1,25.1155709,121.5196953
台北市振興街,1,25.1178238,121.5222294
台北市桂林路,0.59,25.0384064,121.500931
台北市桃源街,1,25.0401626,121.5103009
台北市泰安街,1,25.0400545,121.5280365
台北市泰安街3巷,0.5,25.0399607,121.5284333
台北市泰安街6巷,1,25.0401639,121.5275829
台北市泰順街39巷,1,25.0228857,121.5318553
台北市泰順街40巷,0,25.0243217,121.5303687
台北市浦城街,0,25.023483,121.5268229
台北市酒泉街,0.82,25.071963,121.5159891
台北市健康路15巷,0.85,25.0547164,121.5529106
台北市健康路325巷,0.5,25.0557497,121.5672014
台北市健康路325巷12弄,0.67,25.0555547,121.5678385
台北市健康路325巷18弄,1,25.0560499,121.5677929
台北市健康路325巷19弄,1,25.0559408,121.5663358
台北市健康路325巷5弄,1,25.0548405,121.5664057
台北市健康路325巷6弄,0.83,25.055003,121.5683162
台北市健康路B,0.48,25.0541269,121.5624083
台北市健康路C,0.88,25.0541269,121.5624083
台北市健康路YA,0.62,25.0541269,121.5624083
台北市健康路ZA,0.88,25.0541269,121.5624083
台北市國興路,0.93,25.0251858,121.5072953
台北市基河路188巷,1,25.0899528,121.5216333
台北市基河路300巷,1,25.0936086,121.5188382
台北市基河路396巷,1,25.0956406,121.5179562
台北市基河路A,0.88,25.0910494,121.5217598
台北市基河路B,0.93,25.0910494,121.5217598
台北市基湖路112巷,0.5,25.0790219,121.563051
台北市基湖路120巷,0.26,25.0784403,121.5627718
台北市基湖路157巷,0,25.0770282,121.5645114
台北市基湖路166巷,0,25.0774121,121.5624427
台北市基湖路35巷2弄,1,25.0788378,121.5661705
台北市基湖路3巷,1,25.0807494,121.5668812
台北市基隆路1段35巷7弄,1,25.0479657,121.5710044
台北市基隆路1段380巷,0,25.0344718,121.5590005
台北市基隆路2段209巷,0.94,25.0227646,121.5519243
台北市基隆路2段291巷,0.95,25.0209172,121.5499103
台北市基隆路一段102巷,0.84,25.0449165,121.5655784
台北市基隆路一段172巷,1,25.0432301,121.5646043
台北市基隆路三段155巷,0.56,25.0126475,121.5449795
台北市崇德街,0.67,25.0171627,121.5659919
台北市康寧路1段,0.58,25.0783462,121.5962009
台北市康寧路1段195巷,0,25.0788596,121.5967633
台北市康寧路1段195巷4弄,1,25.0790018,121.5962623
台北市康寧路3段189巷,0,25.0729954,121.6125737
台北市康寧路3段189巷21弄,1,25.0709402,121.6126153
台北市康寧路3段189巷93弄,0.57,25.0733356,121.6120379
台北市康寧路3段245巷,0.59,25.0667376,121.6126369
台北市康寧路3段70巷,1,25.0684942,121.6099675
台北市康寧路3段75巷186弄,0,25.0762587,121.6133621
台北市康寧路3段99巷,0.83,25.072387,121.6103725
台北市康寧路三段189巷141弄,0.67,25.0739267,121.6117509
台北市康樂街125巷,0.91,25.073305,121.6201869
台北市康樂街136巷15弄,1,25.0726581,121.6185187
台北市康樂街136巷30弄,0.33,25.0710904,121.6178687
台北市康樂街191巷,0.25,25.0748736,121.6206218
台北市康樂街61巷15弄,0,25.069271,121.6200108
台北市康樂街72巷17弄,1,25.0710742,121.6171486
台北市康樂街85巷,0.48,25.0697266,121.6200649
台北市涼州街A,0.75,25.0607139,121.5122838
台北市涼州街B,0.66,25.0607139,121.5122838
台北市紹興南街,0.66,25.0403354,121.5239312
台北市紹興南街A,0.25,25.0403354,121.5239312
台北市莊敬路,0.86,25.0291244,121.5626207
台北市莊敬路239巷,1,25.0298589,121.5626988
台北市莊敬路325巷45弄,1,25.0295402,121.5642114
台北市莊敬路341巷,1,25.0283765,121.5647209
台北市莊敬路391巷11弄,1,25.0287021,121.5656157
台北市莊敬路423巷7弄,0.57,25.0285358,121.5663338
台北市莊敬路423巷8弄,0.8,25.0285085,121.5678128
台北市莒光路299巷,0.67,25.0302498,121.4991505
台北市通化街,0.93,25.0292749,121.5539552
台北市通化街186巷,0.83,25.0267425,121.5527615
台北市通北街,0.7,25.0826945,121.538885
台北市通河東街1段167巷,0.33,25.0878604,121.5165289
台北市通河街1巷,0.57,25.0802447,121.5237972
台北市通河街2巷,0.34,25.0789185,121.5231749
台北市通河街325巷,0.55,25.081897,121.5186618
台北市博愛路A,0.88,25.0401749,121.5113096
台北市博愛路C,1,25.0401749,121.5113096
台北市堤頂大道一段,0.89,25.0643475,121.5725088
台北市堤頂大道二段407巷,1,25.0806774,121.5635324
台北市堤頂大道二段,0.87,25.0779865,121.5665361
台北市堤頂大道,0.25,25.0779865,121.5665361
台北市富山路,0.27,24.9895277,121.5534257
台北市富民街155巷,0.27,25.0182918,121.5009402
台北市富康街,0.84,25.0531009,121.6171599
台北市富康街1巷,0.31,25.0543908,121.6189204
台北市富康街1巷16弄,0.96,25.0536829,121.6179828
台北市富陽街,0,25.0202282,121.5566497
台北市富錦街107巷,0.93,25.0608481,121.5526274
台北市富錦街12巷,1,25.0597261,121.5509598
台北市富錦街359巷,1,25.0608712,121.5580693
台北市富錦街359巷2弄,0.42,25.0612965,121.5591397
台北市富錦街359巷3弄,0.9,25.0610528,121.5573746
台北市富錦街429巷B,0.67,25.061244,121.5613441
台北市富錦街A,0.53,25.060629,121.5591084
台北市富錦街B,0.56,25.060629,121.5591084
台北市復興北路313巷,0,25.0589617,121.545912
台北市復興北路402巷,1,25.0617865,121.5430345
台北市復興北路430巷,1,25.0633755,121.5431122
台北市復興北路488巷,1,25.0651364,121.5435068
台北市復興北路A,1,25.0570525,121.5442302
台北市復興北路B,0.67,25.0570525,121.5442302
台北市復興南路1段253巷,0.8,25.0367726,121.5447529
台北市復興南路1段340巷,1,25.0360837,121.5428206
台北市復興南路2段171巷,0,25.0276868,121.5443249
台北市復興南路2段210巷,0,25.0265017,121.5427428
台北市復興南路2段78巷42弄,1,25.0306729,121.5418518
台北市復興南路一段126巷,1,25.0431195,121.542455
台北市復興南路一段135巷,0.64,25.0426224,121.5449988
台北市復興南路一段A,1,25.0390251,121.5437945
台北市復興南路一段B,1,25.0402941,121.5438295
台北市復興南路二段,0,25.0272712,121.5435514
台北市復興南路二段148巷,0,25.0284134,121.5423464
台北市復興南路二段151巷,0,25.0283341,121.5448115
台北市惠民街,0.91,25.0569432,121.6100726
台北市惠安街,1,25.0291994,121.5069646
台北市惠安街A,1,25.0291994,121.5069646
台北市敦化北路155巷100弄,0.89,25.0545857,121.5521766
台北市敦化北路165巷,1,25.0547405,121.5512715
台北市敦化北路199巷,1,25.0565293,121.551027
台北市敦化北路222巷18弄,0,25.0591891,121.5476966
台北市敦化北路222巷6弄,0,25.059038,121.5486041
台北市敦化北路238巷,0,25.0602397,121.5487398
台北市敦化北路244巷,0,25.0608542,121.5483961
台北市敦化北路244巷6弄,0,25.0599803,121.5490764
台北市敦化北路4巷25弄,1,25.0492357,121.5461908
台北市敦化南路1段295巷,1,25.0354362,121.5509591
台北市敦化南路2段11巷14弄,1,25.0323706,121.5501407
台北市敦化南路2段63巷,1,25.0309293,121.5504498
台北市敦化南路二段81巷,0.58,25.0299191,121.5502063
台北市敦南街,0.86,25.02185,121.5468815
台北市敦煌路,1,25.0763833,121.5130478
台北市敦煌路A,0.41,25.0763833,121.5130478
台北市敦煌路B（慶昌橋下）,0.25,25.0763338,121.5155544
台北市景文街,0.67,24.9911741,121.5412991
台北市景華街,0.39,24.9951273,121.5447247
台北市景華街128巷,0.47,24.9949178,121.5478069
台北市景華街97巷,0.29,24.996109,121.54604
台北市景隆街,0,24.9994211,121.5422057
台北市景福街,0.04,24.9973621,121.5364902
台北市景興路,0.06,24.993088,121.5443572
台北市景興路282巷,0,24.9897603,121.5417154
台北市景興路46巷,0.19,24.9960618,121.5439242
台北市景豐街,0.12,25.0011696,121.5451274
台北市植福路,0.56,25.0839338,121.5585386
台北市植福路286巷,0.46,25.0815748,121.5598334
台北市渭水路,0.44,25.0456957,121.5340747
台北市渭水路3巷,1,25.0463964,121.5336179
台北市港華街,0.71,25.0830225,121.5751351
台北市港墘路,1,25.076853,121.5751695
台北市港墘路127巷,0.92,25.077747,121.5768365
台北市港墘路127巷6弄,0.82,25.07832,121.5768878
台北市港墘路221巷,1,25.0739589,121.5743748
台北市港墘路82巷,0.64,25.0810991,121.5768309
台北市湖口街,0.96,25.0331567,121.5148566
台北市無名巷,1,25.0556928,121.544827
台北市華亭街,0.5,25.0528399,121.5132011
台北市華榮市場,0.81,25.0949094,121.523626
台北市華齡街,0.85,25.0857725,121.5194133
台北市詔安街,0.65,25.0254679,121.5121128
台北市貴陽街一段,1,25.0387959,121.5124131
台北市貴陽街二段,0.83,25.0399855,121.5024804
台北市開封街一段A,1,25.0459918,121.5124267
台北市開封街二段,0.91,25.0465649,121.5070296
台北市陽光街,0.67,25.0749177,121.582032
台北市陽光街252巷,1,25.0749177,121.582032
台北市陽光街321巷,0.98,25.0716892,121.5782071
台北市陽光街345巷,0.5,25.0724786,121.5780359
台北市陽光街365巷,0.9,25.0719031,121.5772148
台北市雲和街,0,25.0234741,121.5300313
台北市園區街,1,25.0590731,121.6125534
台北市塔城街,1,25.0506667,121.5105182
台北市塔悠路,0.45,25.0581547,121.5692751
台北市塔悠路120巷,0.53,25.055309,121.5693014
台北市廈門街113巷,0.81,25.023359,121.5190349
台北市廈門街135巷,0.67,25.0221802,121.5182212
台北市愛國西路,1,25.0357289,121.5115773
台北市愛國東路,0.91,25.032472,121.5223895
台北市愛國東路79巷,0.91,25.0320431,121.5275183
台北市敬業一路,0.45,25.0819462,121.5525618
台北市敬業一路128巷,0.88,25.0833637,121.5532551
台北市敬業一路36巷,0.1,25.0810935,121.5535411
台北市敬業二路,0.49,25.0826688,121.5543923
台北市敬業二路69巷,0.67,25.0819377,121.5535851
台北市敬業三路177巷,0.2,25.0786766,121.5558164
台北市新中街,0.86,25.0595472,121.5604305
台北市新中街4巷,0.87,25.0576811,121.5611305
台北市新中街52巷B,0.73,25.0615262,121.56086
台北市新中街6巷,0.8,25.0582885,121.5605448
台北市新民街,0.92,25.0559758,121.6119647
台北市新生北路2段133巷,0.67,25.0608527,121.5289461
台北市新生北路2段45巷,0.6,25.0556716,121.52885
台北市新生北路2段62巷,1,25.0562001,121.5264011
台北市新生北路一段,1,25.0480642,121.5299922
台北市新生北路二段28巷,0,25.0538514,121.526385
台北市新生北路三段,0,25.0667285,121.5279888
台北市新生北路三段Y00,0.22,25.0667285,121.5279888
台北市新生北橋下C(二),0.56,25.06097,121.527669
台北市新生北橋下C(三),0.61,25.06097,121.527669
台北市新生北橋下D(一),0.62,25.06097,121.527669
台北市新生南路1段143巷,0.94,25.0361953,121.53416
台北市新生南路1段157巷,1,25.0349568,121.5351134
台北市新生南路2段46巷,1,25.0291114,121.5330138
台北市新生南路2段70巷,1,25.0276137,121.5337563
台北市新生南路3段54巷,1,25.0208747,121.5334916
台北市新生南路3段56巷,1,25.0204149,121.5335117
台北市新生南路3段76巷,1,25.0191658,121.5333475
台北市新生南路3段86巷,1,25.0188049,121.5326503
台北市新光路1段,0,24.9911876,121.5736856
台北市新明路,0.66,25.0567155,121.5839567
台北市新東街,0.78,25.0601907,121.5657216
台北市新東街11巷,0.62,25.058215,121.5660157
台北市新東街12巷,0.68,25.0578479,121.5677064
台北市新東街30巷,0.7,25.0594909,121.567137
台北市新東街3巷,1,25.0576187,121.5660667
台北市新東街51巷,0.38,25.0616197,121.5651848
台北市新湖1路128巷,0.81,25.0601967,121.5768993
台北市新湖1路36巷,0.71,25.0594367,121.5745493
台北市新湖一路,0.58,25.0606686,121.5798579
台北市新湖一路339巷,1,25.0631011,121.5842413
台北市新湖一路358巷,1,25.0632847,121.5823857
台北市新湖二路,0.52,25.0625661,121.57937
台北市新湖二路146巷,1,25.0634625,121.5787345
台北市新湖二路191巷,1,25.0621837,121.5796389
台北市新湖二路250巷,0.92,25.0653084,121.5824178
台北市新湖二路282巷,0.18,25.0654904,121.5838737
台北市新湖二路295巷,0.69,25.0625661,121.57937
台北市新湖三路,0.68,25.0644468,121.5785867
台北市新湖三路219巷,0.95,25.0651486,121.5810367
台北市溫州街,1,25.022605,121.5332326
台北市溫州街12巷,1,25.0257407,121.5322992
台北市溫州街16巷,1,25.0252903,121.5322456
台北市溫州街18巷,1,25.0247383,121.5324429
台北市溫州街20巷,1,25.0241678,121.5329565
台北市溫州街22巷,1,25.0236952,121.5323056
台北市溫州街46巷,1,25.0218015,121.532696
台北市溫州街52巷,1,25.0209642,121.5325912
台北市溫州街58巷,1,25.0205444,121.5322735
台北市溫州街68巷,0.9,25.0201526,121.5323682
台北市溫州街74巷,1,25.0196848,121.5323173
台北市溫州街74巷3弄,1,25.019272,121.5322721
台北市溫州街74巷4弄,1,25.0199187,121.5323427
台北市溫州街74巷5弄,1,25.0195041,121.5320231
台北市瑞光路112巷,0.78,25.0713075,121.5800546
台北市瑞光路122巷41弄,1,25.071687,121.5798479
台北市瑞光路132巷,0.84,25.071893,121.5788431
台北市瑞光路188巷,1,25.0740875,121.5771639
台北市瑞光路258巷,1,25.0747436,121.5747986
台北市瑞光路26巷20弄,1,25.069723,121.5823057
台北市瑞光路316巷,0.33,25.0757695,121.5734124
台北市瑞光路358巷30弄,0.8,25.0763229,121.5727382
台北市瑞光路478巷18弄,1,25.0787172,121.567979
台北市瑞光路66巷,1,25.0699614,121.5814055
台北市瑞光路76巷,0.66,25.0696309,121.5795446
台北市瑞光路76巷A,0.91,25.0696309,121.5795446
台北市瑞安街,0.91,25.0290214,121.5418056
台北市瑞安街142巷,0.82,25.0295686,121.5418431
台北市瑞安街208巷,0.88,25.0294674,121.5405555
台北市瑞安街208巷11弄,0.71,25.0287109,121.540747
台北市瑞安街208巷58弄,0.81,25.029883,121.5402564
台北市瑞安街23巷,0.92,25.0310158,121.5448582
台北市瑞安街256巷,1,25.0273765,121.5387594
台北市瑞安街81巷,0.88,25.0278425,121.5410974
台北市瑞安街A,0,25.0290214,121.5418056
台北市瑞湖街,1,25.0712322,121.5764092
台北市瑞湖街178巷,1,25.0707233,121.575798
台北市經貿二路62巷,0.88,25.0569405,121.6153577
台北市萬大路,0.71,25.0232664,121.4997189
台北市萬大路277巷33弄,0.29,25.0260089,121.5017309
台北市萬大路344巷,0.77,25.0240756,121.4988098
台北市萬大路423巷,1,25.0214031,121.5007106
台北市萬大路90巷,0,25.0302648,121.4997477
台北市萬全街,1,25.0584183,121.5179602
台北市萬青街,1,25.0232694,121.5015498
台北市萬美街1段,0.07,25.0019901,121.5666293
台北市葫蘆街,0.68,25.0816092,121.5083314
台北市裕民二路33巷,0.75,25.1153408,121.5172252
台北市裕民二路49巷,0.82,25.1147165,121.5169422
台北市試院路,0.02,24.9889111,121.5483044
台北市農安街,0.91,25.0648401,121.5294305
台北市農安街204巷,1,25.0642387,121.5362127
台北市嘉興街,0.61,25.0255912,121.5561245
台北市寧安街,0.83,25.0499804,121.5545687
台北市寧波西街,0.83,25.0295378,121.5142129
台北市寧波西街181巷,0.5,25.0264514,121.5101356
台北市寧波西街A,1,25.0295378,121.5142129
台北市寧波西街Y00,0.67,25.0295378,121.5142129
台北市寧波西街Z00,0.94,25.0295378,121.5142129
台北市寧波東街,1,25.0323689,121.5199753
台北市寧波東街9巷,1,25.0328344,121.5190206
台北市寧夏路A,1,25.0581409,121.5152141
台北市寧夏路B,0.8,25.0581409,121.5152141
台北市榮華一路,1,25.1123603,121.5243394
台北市福中公園,1,25.087873,121.518714
台北市福州街,0.91,25.0279431,121.5171611
台北市福州街A,0,25.0279431,121.5171611
台北市福志路,0.37,25.0988999,121.5297684
台北市福林路254巷,0.22,25.0980242,121.5359127
台北市福港街,1,25.0872039,121.5178478
台北市福港街199巷,1,25.0872039,121.5178478
台北市福華路128巷,1,25.1030777,121.5236672
台北市福德街,0.24,25.0386935,121.5854399
台北市福德街310巷B,0.83,25.0405024,121.5872091
台北市福德街339巷,0.6,25.0386289,121.5889742
台北市福德街373巷,0.53,25.0395592,121.5912808
台北市福德街84巷,0.8,25.0383542,121.5809389
台北市艋舺大道,0.22,25.0326537,121.4980256
台北市艋舺大道120巷38弄,0.71,25.0318198,121.5015658
台北市銅山街,1,25.0397955,121.5273335
台北市銅山街11巷,0.5,25.040339,121.5268587
台北市劍潭路,0.62,25.0837291,121.5224341
台北市廣州街218巷,0.62,25.0363521,121.4970012
台北市廣州街4巷,0.56,25.0345803,121.5097249
台北市廣州街8巷,0.88,25.0344332,121.5082511
台北市廣州街A,0.86,25.0365385,121.5031155
台北市廣州街B,1,25.0365385,121.5031155
台北市德行西路,0.7,25.1048238,121.5222604
台北市德行東路,0.63,25.1092383,121.5327146
台北市德行東路104巷,0,25.1067477,121.5286689
台北市德行東路104巷5弄,0.5,25.1074145,121.5288922
台北市德行東路104巷9弄,1,25.1067806,121.5289043
台北市德行東路109巷,0.8,25.1099112,121.5285846
台北市德行東路132巷,0.5,25.107469,121.5292406
台北市德行東路132巷3弄,1,25.1075452,121.5297355
台北市德行東路132巷7弄,0,25.1069543,121.5297027
台北市德行東路190巷31弄,0.33,25.107624,121.5323623
台北市德行東路265巷,1,25.1105148,121.5349869
台北市德行東路331巷,0.43,25.1119814,121.538209
台北市德行東路338巷,0,25.1110746,121.5453743
台北市德行東路365巷,0.14,25.1111546,121.5387851
台北市德行東路90巷33弄,1,25.1060586,121.5284917
台北市德昌街,0.47,25.0239599,121.4961252
台北市德昌街272巷,0.67,25.0233748,121.4919395
台北市德惠街,1,25.0666336,121.5279828
台北市德惠街170巷,0,25.0656558,121.5317722
台北市德惠街B,0.79,25.0666336,121.5279828
台北市慶城街,1,25.0550833,121.5466959
台北市撫順街,1,25.0635082,121.5201771
台北市撫順街41巷,0.65,25.0660705,121.5195421
台北市撫遠街,0.63,25.0631836,121.5660039
台北市撫遠街255巷,0,25.061124,121.5677486
台北市樂利路,0.97,25.0268521,121.5516127
台北市樂利路45巷,1,25.0267333,121.5520378
台北市樂業街,1,25.0211357,121.5517228
台北市樂群二路,0.37,25.0799768,121.557443
台北市樂群二路265巷,0.77,25.0807395,121.5602216
台北市樂群二路266巷,0.38,25.0783712,121.5618118
台北市樂群二路30巷,0.32,25.0789635,121.5533285
台北市樂群三路,0.49,25.0826534,121.5562017
台北市樟新街,0,24.9786601,121.5554032
台北市潮州街,0.76,25.0290012,121.5254402
台北市潮州街3巷,1,25.0306759,121.5207692
台北市鄭州路143巷,1,25.0510401,121.5098741
台北市興中路,0.63,25.05506,121.6073711
台北市興中路12巷,0.85,25.0549247,121.6066542
台北市興中路28巷,0.81,25.0555091,121.6067966
台北市興中路44巷,0.5,25.056006,121.6065049
台北市興中路56巷,1,25.0563729,121.6063864
台北市興安街Y00,1,25.0560902,121.5418265
台北市興安街Z00,0.96,25.0560902,121.5418265
台北市興東街,1,25.0560735,121.6117927
台北市興南街,0.34,25.0559068,121.6009075
台北市興華路,0.76,25.0559646,121.6057983
台北市興隆務三段192巷8弄,0,24.9974908,121.558311
台北市興隆路2段,0.43,25.0006408,121.549443
台北市興隆路2段154巷,0.5,25.0010322,121.551627
台北市興隆路2段220巷,0.39,25.0000035,121.5520051
台北市興隆路2段244巷,0.53,25.0000873,121.5534067
台北市興隆路3段,0.33,24.9952766,121.5596852
台北市興隆路4段,0.17,24.9866234,121.5608752
台北市興隆路一段,0.3,25.0016878,121.5421829
台北市興順街,0.29,25.0012233,121.5450965
台北市興義街,0.84,25.0266532,121.4917769
台北市遼寧街128巷,0.93,25.053376,121.541143
台北市遼寧街A,0.83,25.0524996,121.5420611
台北市錦州街A,0.62,25.0603308,121.5335242
台北市錦州街B,0.33,25.0603308,121.5335242
台北市錦州街C,0.95,25.0603308,121.5335242
台北市錦西街,0.93,25.0602313,121.5187898
台北市錦西街38巷,0.81,25.0602621,121.5203409
台北市錦西街53巷,0.78,25.0603647,121.5158964
台北市龍江路124巷,1,25.0538552,121.5397258
台北市龍江路132巷,1,25.0542373,121.5396877
台北市龍江路155巷,1,25.0542231,121.541301
台北市龍江路229巷,0.92,25.0572192,121.541236
台北市龍江路298巷,0.88,25.0618064,121.5401946
台北市龍江路345巷,1,25.0633855,121.5417321
台北市龍江路55巷,1,25.0495534,121.5413589
台北市龍江路A,0.91,25.0574947,121.5405961
台北市龍江路B,0.5,25.0574947,121.5405961
台北市龍江路C,1,25.0574947,121.5405961
台北市龍江路D,0.93,25.0574947,121.5405961
台北市龍泉街,0,25.0235291,121.5293595
台北市龍泉街93巷,0.87,25.0216372,121.5297889
台北市濟南路一段,0.63,25.0424802,121.5224039
台北市濟南路二段,0.74,25.0407174,121.5296404
台北市濱江街,0.2,25.0721434,121.5460949
台北市濱江橋下停車場,0.94,25.0722922,121.5415987
台北市環山路1段,0.54,25.0864153,121.5675619
台北市環山路1段24巷,0.58,25.084536,121.5645132
台北市環山路1段28巷,0.81,25.0854851,121.5646636
台北市環山路1段9巷,0,25.0829884,121.5663098
台北市環山路2段,0.73,25.085147,121.5742744
台北市環山路3段,0.36,25.0847098,121.580492
台北市環河北路2段205巷,0,25.0692497,121.5096541
台北市環河北路3段,0.26,25.0845233,121.5064345
台北市環河北路3段,0.48,25.0845233,121.5064345
台北市環河南路2段100巷,1,25.0372408,121.4951838
台北市環河南路2段175巷,0,25.0324483,121.4926307
台北市環河南路2段250巷,1,25.0335889,121.4910262
台北市環河南路2段250巷25弄,0.5,25.0336145,121.4900683
台北市環河南路2段250巷3弄,0.33,25.0327132,121.491583
台北市環河南路2段280巷,0.71,25.0328868,121.4901863
台北市環河南路二段A,0.63,25.0341019,121.493284
台北市環河南路二段B,-99,25.0341019,121.493284
台北市環河南路二段C,0.25,25.0341019,121.493284
台北市環河南路三段,0.2,25.0210526,121.4923818
台北市環河南路橋下A,0.38,25.0475336,121.5059613
台北市磺溪街,0.44,25.1071967,121.523088
台北市磺溪街55巷,0.78,25.1075244,121.5225116
台北市臨沂街,0.88,25.0389555,121.5294385
台北市臨沂街14巷,1,25.041193,121.5299684
台北市臨沂街71巷19弄,1,25.0361705,121.5305562
台北市歸綏街,0.79,25.0582216,121.5133575
台北市舊庄街1段,0.5,25.0396462,121.6206839
台北市舊宗路1段150巷,0.52,25.0617152,121.5753214
台北市舊宗路2段135巷,0.7,25.0698694,121.5756375
台北市舊宗路2段171巷,1,25.0712342,121.5758074
台北市舊宗路2段181巷,1,25.0718304,121.5754008
台北市雙和街,0.74,25.0278506,121.5019721
台北市雙城街,1,25.0656226,121.5242877
台北市雙園街107巷,0,25.0321032,121.4922112
台北市雙園街107巷B,0.38,25.0321032,121.4922112
台北市雙園街89巷,0.88,25.0318911,121.4925661
台北市懷寧街,0.96,25.0427573,121.5140302
台北市懷德街A,0.71,25.1128664,121.5195758
台北市羅斯福路3段269巷,1,25.0200002,121.5307962
台北市羅斯福路3段269巷51弄,1,25.0202748,121.5315365
台北市羅斯福路3段283巷,0.89,25.0197416,121.5317501
台北市羅斯福路3段283巷14弄,0,25.0183718,121.5321975
台北市羅斯福路3段283巷21弄,1,25.0200021,121.5311085
台北市羅斯福路3段283巷7弄,0.86,25.0186884,121.5312639
台北市羅斯福路3段283巷9弄,1,25.0189397,121.531247
台北市羅斯福路4段113巷,0.91,25.0113026,121.5393105
台北市羅斯福路4段119巷,0.16,25.0098164,121.5393502
台北市羅斯福路6段142巷,0.3,24.9976014,121.5379162
台北市羅斯福路一段119巷,1,25.0303859,121.5214344
台北市羅斯福路四段90巷,0.9,25.0137708,121.5347677
台北市麗山街,0.66,25.0815402,121.5801794
台北市麗山街348巷,0.5,25.0820377,121.5735611
台北市麗山街37巷,0.79,25.0806109,121.5814102
台北市麗山街385巷,0.5,25.0822934,121.5725852
台北市麗山街B,0.62,25.0815402,121.5801794
台北市麗水街17巷,1,25.0292313,121.5291671
台北市麗水街33巷,0.67,25.0279814,121.529317
台北市麗水街B,0.84,25.0301286,121.5285429
台北市寶慶路A,1,25.0412285,121.5110926
台北市寶興街,0.82,25.0251828,121.4947082
台北市寶興街140巷,1,25.0240156,121.4938613
台北市蘭州街A,1,25.0637502,121.515024
台北市蘭州街B,0,25.0637502,121.515024
台北市蘭雅公園,0.6,25.1097423,121.5298742
